character_skill_key	effect_key	level	effect_scope	value
#character_skill_level_to_effects_junctions_tables;1;db/character_skill_level_to_effects_junctions_tables/rhox_nagash_skills				
nag_skill_army_buff_ranged	nag_effect_army_ranged_ammo_skill	1	general_to_force_own	8.0000
nag_skill_army_buff_ranged	wh_main_effect_agent_action_success_chance_enemy_skill	1	character_to_character_own	-1.0000
nag_skill_army_buff_ranged	wh_main_effect_agent_action_success_chance_skill	1	character_to_character_own	1.0000
nag_skill_army_buff_ranged	nag_effect_army_ranged_ammo_skill	2	general_to_force_own	16.0000
nag_skill_army_buff_ranged	nag_effect_army_ranged_missile_strength_skill	2	general_to_force_own	12.0000
nag_skill_army_buff_ranged	wh_main_effect_agent_action_success_chance_enemy_skill	2	character_to_character_own	-2.0000
nag_skill_army_buff_ranged	wh_main_effect_agent_action_success_chance_skill	2	character_to_character_own	2.0000
nag_skill_army_buff_ranged	nag_effect_army_ranged_ammo_skill	3	general_to_force_own	24.0000
nag_skill_army_buff_ranged	nag_effect_army_ranged_missile_strength_skill	3	general_to_force_own	15.0000
nag_skill_army_buff_ranged	wh_main_effect_agent_action_success_chance_enemy_skill	3	character_to_character_own	-3.0000
nag_skill_army_buff_ranged	wh_main_effect_agent_action_success_chance_skill	3	character_to_character_own	3.0000
nag_skill_army_buff_infantry	nag_effect_army_infantry_armour_skill	1	general_to_force_own	8.0000
nag_skill_army_buff_infantry	wh_main_effect_agent_action_success_chance_enemy_skill	1	character_to_character_own	-1.0000
nag_skill_army_buff_infantry	wh_main_effect_agent_action_success_chance_skill	1	character_to_character_own	1.0000
nag_skill_army_buff_infantry	nag_effect_army_infantry_armour_skill	2	general_to_force_own	12.0000
nag_skill_army_buff_infantry	nag_effect_army_infantry_melee_attack_skill	2	general_to_force_own	4.0000
nag_skill_army_buff_infantry	wh_main_effect_agent_action_success_chance_enemy_skill	2	character_to_character_own	-2.0000
nag_skill_army_buff_infantry	wh_main_effect_agent_action_success_chance_skill	2	character_to_character_own	2.0000
nag_skill_army_buff_infantry	nag_effect_army_infantry_armour_skill	3	general_to_force_own	18.0000
nag_skill_army_buff_infantry	nag_effect_army_infantry_melee_attack_skill	3	general_to_force_own	8.0000
nag_skill_army_buff_infantry	wh_main_effect_agent_action_success_chance_enemy_skill	3	character_to_character_own	-3.0000
nag_skill_army_buff_infantry	wh_main_effect_agent_action_success_chance_skill	3	character_to_character_own	3.0000
nag_skill_army_buff_cav	nag_effect_army_cav_speed_skill	1	general_to_force_own	5.0000
nag_skill_army_buff_cav	wh_main_effect_agent_action_success_chance_enemy_skill	1	character_to_character_own	-1.0000
nag_skill_army_buff_cav	wh_main_effect_agent_action_success_chance_skill	1	character_to_character_own	1.0000
nag_skill_army_buff_cav	nag_effect_army_cav_speed_skill	2	general_to_force_own	10.0000
nag_skill_army_buff_cav	nag_effect_army_cav_charge_bonus_skill	2	general_to_force_own	4.0000
nag_skill_army_buff_cav	wh_main_effect_agent_action_success_chance_enemy_skill	2	character_to_character_own	-2.0000
nag_skill_army_buff_cav	wh_main_effect_agent_action_success_chance_skill	2	character_to_character_own	2.0000
nag_skill_army_buff_cav	nag_effect_army_cav_speed_skill	3	general_to_force_own	15.0000
nag_skill_army_buff_cav	nag_effect_army_cav_charge_bonus_skill	3	general_to_force_own	8.0000
nag_skill_army_buff_cav	wh_main_effect_agent_action_success_chance_enemy_skill	3	character_to_character_own	-3.0000
nag_skill_army_buff_cav	wh_main_effect_agent_action_success_chance_skill	3	character_to_character_own	3.0000
nag_skill_army_buff_beasts	nag_effect_army_beasts_melee_attack_skill	1	general_to_force_own	4.0000
nag_skill_army_buff_beasts	wh_main_effect_agent_action_success_chance_enemy_skill	1	character_to_character_own	-1.0000
nag_skill_army_buff_beasts	wh_main_effect_agent_action_success_chance_skill	1	character_to_character_own	1.0000
nag_skill_army_buff_beasts	nag_effect_army_beasts_melee_attack_skill	2	general_to_force_own	8.0000
nag_skill_army_buff_beasts	nag_effect_army_beasts_charge_bonus_skill	2	general_to_force_own	10.0000
nag_skill_army_buff_beasts	wh_main_effect_agent_action_success_chance_enemy_skill	2	character_to_character_own	-2.0000
nag_skill_army_buff_beasts	wh_main_effect_agent_action_success_chance_skill	2	character_to_character_own	2.0000
nag_skill_army_buff_beasts	nag_effect_army_beasts_melee_attack_skill	3	general_to_force_own	12.0000
nag_skill_army_buff_beasts	nag_effect_army_beasts_charge_bonus_skill	3	general_to_force_own	12.0000
nag_skill_army_buff_beasts	wh_main_effect_agent_action_success_chance_enemy_skill	3	character_to_character_own	-3.0000
nag_skill_army_buff_beasts	wh_main_effect_agent_action_success_chance_skill	3	character_to_character_own	3.0000
nag_skill_army_buff_spirit	nag_effect_army_spirit_melee_defence_skill	1	general_to_force_own	4.0000
nag_skill_army_buff_spirit	wh_main_effect_agent_action_success_chance_enemy_skill	1	character_to_character_own	-1.0000
nag_skill_army_buff_spirit	wh_main_effect_agent_action_success_chance_skill	1	character_to_character_own	1.0000
nag_skill_army_buff_spirit	nag_effect_army_spirit_melee_defence_skill	2	general_to_force_own	6.0000
nag_skill_army_buff_spirit	nag_effect_army_spirit_magic_resistance_skill	2	general_to_force_own	10.0000
nag_skill_army_buff_spirit	wh_main_effect_agent_action_success_chance_enemy_skill	2	character_to_character_own	-2.0000
nag_skill_army_buff_spirit	wh_main_effect_agent_action_success_chance_skill	2	character_to_character_own	2.0000
nag_skill_army_buff_spirit	nag_effect_army_spirit_melee_defence_skill	3	general_to_force_own	8.0000
nag_skill_army_buff_spirit	nag_effect_army_spirit_magic_resistance_skill	3	general_to_force_own	20.0000
nag_skill_army_buff_spirit	wh_main_effect_agent_action_success_chance_enemy_skill	3	character_to_character_own	-3.0000
nag_skill_army_buff_spirit	wh_main_effect_agent_action_success_chance_skill	3	character_to_character_own	3.0000
nag_skill_army_buff_construct	nag_effect_army_construct_melee_defence_skill	1	general_to_force_own	4.0000
nag_skill_army_buff_construct	wh_main_effect_agent_action_success_chance_enemy_skill	1	character_to_character_own	-1.0000
nag_skill_army_buff_construct	wh_main_effect_agent_action_success_chance_skill	1	character_to_character_own	1.0000
nag_skill_army_buff_construct	nag_effect_army_construct_melee_defence_skill	2	general_to_force_own	6.0000
nag_skill_army_buff_construct	nag_effect_army_construct_melee_attack_skill	2	general_to_force_own	6.0000
nag_skill_army_buff_construct	wh_main_effect_agent_action_success_chance_enemy_skill	2	character_to_character_own	-2.0000
nag_skill_army_buff_construct	wh_main_effect_agent_action_success_chance_skill	2	character_to_character_own	2.0000
nag_skill_army_buff_construct	nag_effect_army_construct_melee_defence_skill	3	general_to_force_own	8.0000
nag_skill_army_buff_construct	nag_effect_army_construct_melee_attack_skill	3	general_to_force_own	8.0000
nag_skill_army_buff_construct	nag_effect_army_construct_charge_bonus_skill	3	general_to_force_own	15.0000
nag_skill_army_buff_construct	wh_main_effect_agent_action_success_chance_enemy_skill	3	character_to_character_own	-3.0000
nag_skill_army_buff_construct	wh_main_effect_agent_action_success_chance_skill	3	character_to_character_own	3.0000
nag_skill_army_buff_vet_vamp	nag_effect_army_vet_vamp_melee_attack_skill	1	general_to_force_own	12.0000
nag_skill_army_buff_vet_vamp	nag_effect_army_vet_vamp_speed_skill	1	general_to_force_own	10.0000
nag_skill_army_buff_vet_vamp	nag_effect_army_vet_vamp_strider_skill	1	general_to_force_own	1.0000
nag_skill_army_buff_vet_vamp	nag_effect_army_vet_vamp_damage_base_skill	1	general_to_force_own	15.0000
nag_skill_army_buff_vet_vamp	wh_main_effect_agent_action_success_chance_enemy_skill	1	character_to_character_own	-1.0000
nag_skill_army_buff_vet_vamp	wh_main_effect_agent_action_success_chance_skill	1	character_to_character_own	1.0000
nag_skill_army_buff_vet_vamp	nag_effect_army_vampiric_unit_set_skill	1	general_to_force_own_unseen	1.0000
nag_skill_army_buff_vet_nehek	nag_effect_army_vet_nehek_realm_of_souls_skill	1	general_to_force_own	1.0000
nag_skill_army_buff_vet_nehek	nag_effect_army_vet_nehek_melee_defence_skill	1	general_to_force_own	8.0000
nag_skill_army_buff_vet_nehek	nag_effect_army_vet_nehek_damage_base_skill	1	general_to_force_own	15.0000
nag_skill_army_buff_vet_nehek	wh_main_effect_agent_action_success_chance_enemy_skill	1	character_to_character_own	-1.0000
nag_skill_army_buff_vet_nehek	wh_main_effect_agent_action_success_chance_skill	1	character_to_character_own	1.0000
nag_skill_army_buff_vet_nehek	nag_effect_army_nehekharan_unit_set_skill	1	general_to_force_own_unseen	1.0000
nag_skill_army_buff_vet_coast	nag_effect_army_vet_coast_missile_damage_skill	1	general_to_force_own	15.0000
nag_skill_army_buff_vet_coast	nag_effect_army_vet_coast_damage_base_skill	1	general_to_force_own	10.0000
nag_skill_army_buff_vet_coast	nag_effect_army_vet_coast_physical_resistance_skill	1	general_to_force_own	15.0000
nag_skill_army_buff_vet_coast	wh_main_effect_agent_action_success_chance_enemy_skill	1	character_to_character_own	-1.0000
nag_skill_army_buff_vet_coast	wh_main_effect_agent_action_success_chance_skill	1	character_to_character_own	1.0000
nag_skill_army_buff_vet_coast	nag_effect_army_coast_unit_set_skill	1	general_to_force_own_unseen	1.0000
nag_skill_army_buff_vet_nagash	nag_effect_army_vet_nagash_deathblow_skill	1	general_to_force_own	1.0000
nag_skill_army_buff_vet_nagash	nag_effect_army_vet_nagash_ward_save_skill	1	general_to_force_own	10.0000
nag_skill_army_buff_vet_nagash	nag_effect_army_vet_nagash_damage_base_skill	1	general_to_force_own	15.0000
nag_skill_army_buff_vet_nagash	wh_main_effect_agent_action_success_chance_enemy_skill	1	character_to_character_own	-1.0000
nag_skill_army_buff_vet_nagash	wh_main_effect_agent_action_success_chance_skill	1	character_to_character_own	1.0000
nag_skill_army_buff_vet_nagash	nag_effect_army_nagashizzar_unit_set_skill	1	general_to_force_own_unseen	1.0000
nag_skill_campaign_movement	wh_main_effect_agent_movement_range_mod	1	character_to_character_own	10.0000
nag_skill_campaign_movement	wh_main_effect_agent_action_success_chance_enemy_skill	1	character_to_character_own	-1.0000
nag_skill_campaign_movement	wh_main_effect_agent_action_success_chance_skill	1	character_to_character_own	1.0000
nag_skill_campaign_corruption	wh3_main_effect_corruption_vampiric_characters	1	character_to_character_own_provincetext	1.0000
nag_skill_campaign_corruption	wh_main_effect_agent_action_success_chance_enemy_skill	1	character_to_character_own	-1.0000
nag_skill_campaign_corruption	wh_main_effect_agent_action_success_chance_skill	1	character_to_character_own	1.0000
nag_skill_campaign_corruption	wh3_main_effect_corruption_vampiric_characters	2	character_to_character_own_provincetext	2.0000
nag_skill_campaign_corruption	wh_main_effect_agent_action_success_chance_enemy_skill	2	character_to_character_own	-2.0000
nag_skill_campaign_corruption	wh_main_effect_agent_action_success_chance_skill	2	character_to_character_own	2.0000
nag_skill_campaign_corruption	wh3_main_effect_corruption_vampiric_characters	3	character_to_character_own_provincetext	3.0000
nag_skill_campaign_corruption	wh_main_effect_agent_action_success_chance_enemy_skill	3	character_to_character_own	-3.0000
nag_skill_campaign_corruption	wh_main_effect_agent_action_success_chance_skill	3	character_to_character_own	3.0000
nag_skill_campaign_raiding	wh_main_effect_force_all_campaign_raid_income	1	general_to_force_own	5.0000
nag_skill_campaign_raiding	wh_main_effect_agent_action_success_chance_enemy_skill	1	character_to_character_own	-1.0000
nag_skill_campaign_raiding	wh_main_effect_agent_action_success_chance_skill	1	character_to_character_own	1.0000
nag_skill_campaign_raiding	wh_main_effect_force_all_campaign_raid_income	2	general_to_force_own	12.0000
nag_skill_campaign_raiding	wh_main_effect_agent_action_success_chance_enemy_skill	2	character_to_character_own	-2.0000
nag_skill_campaign_raiding	wh_main_effect_agent_action_success_chance_skill	2	character_to_character_own	2.0000
nag_skill_campaign_raiding	wh_main_effect_force_all_campaign_raid_income	3	general_to_force_own	20.0000
nag_skill_campaign_raiding	wh_main_effect_agent_action_success_chance_enemy_skill	3	character_to_character_own	-3.0000
nag_skill_campaign_raiding	wh_main_effect_agent_action_success_chance_skill	3	character_to_character_own	3.0000
nag_skill_campaign_replenishment	wh_main_effect_force_all_campaign_replenishment_rate	1	general_to_force_own	3.0000
nag_skill_campaign_replenishment	wh_main_effect_agent_action_success_chance_enemy_skill	1	character_to_character_own	-1.0000
nag_skill_campaign_replenishment	wh_main_effect_agent_action_success_chance_skill	1	character_to_character_own	1.0000
nag_skill_campaign_replenishment	wh_main_effect_force_all_campaign_replenishment_rate	2	general_to_force_own	8.0000
nag_skill_campaign_replenishment	wh_main_effect_agent_action_success_chance_enemy_skill	2	character_to_character_own	-2.0000
nag_skill_campaign_replenishment	wh_main_effect_agent_action_success_chance_skill	2	character_to_character_own	2.0000
nag_skill_campaign_replenishment	wh_main_effect_force_all_campaign_replenishment_rate	3	general_to_force_own	15.0000
nag_skill_campaign_replenishment	wh_main_effect_agent_action_success_chance_enemy_skill	3	character_to_character_own	-3.0000
nag_skill_campaign_replenishment	wh_main_effect_agent_action_success_chance_skill	3	character_to_character_own	3.0000
nag_skill_campaign_growth	nag_effect_horde_growth	1	general_to_force_own	1.0000
nag_skill_campaign_growth	wh_main_effect_agent_action_success_chance_enemy_skill	1	character_to_character_own	-1.0000
nag_skill_campaign_growth	wh_main_effect_agent_action_success_chance_skill	1	character_to_character_own	1.0000
nag_skill_campaign_growth	nag_effect_horde_growth	2	general_to_force_own	3.0000
nag_skill_campaign_growth	wh_main_effect_agent_action_success_chance_enemy_skill	2	character_to_character_own	-2.0000
nag_skill_campaign_growth	wh_main_effect_agent_action_success_chance_skill	2	character_to_character_own	2.0000
nag_skill_campaign_growth	nag_effect_horde_growth	3	general_to_force_own	5.0000
nag_skill_campaign_growth	wh_main_effect_agent_action_success_chance_enemy_skill	3	character_to_character_own	-3.0000
nag_skill_campaign_growth	wh_main_effect_agent_action_success_chance_skill	3	character_to_character_own	3.0000
nag_skill_campaign_recruit	wh_main_effect_force_all_campaign_experience_base_all	1	character_to_character_own	1.0000
nag_skill_campaign_recruit	wh_main_effect_unit_recruitment_points	1	force_to_province_own	1.0000
nag_skill_campaign_recruit	wh_main_effect_force_all_recruitment_points	1	general_to_force_own_unseen	1.0000
nag_skill_campaign_recruit	wh_main_effect_agent_action_success_chance_enemy_skill	1	character_to_character_own	-1.0000
nag_skill_campaign_recruit	wh_main_effect_agent_action_success_chance_skill	1	character_to_character_own	1.0000
nag_skill_campaign_attrition	wh_main_effect_force_army_campaign_attrition_all_resistance	1	general_to_force_own	-15.0000
nag_skill_campaign_attrition	wh_main_effect_agent_action_success_chance_enemy_skill	1	character_to_character_own	-1.0000
nag_skill_campaign_attrition	wh_main_effect_agent_action_success_chance_skill	1	character_to_character_own	1.0000
nag_skill_campaign_attrition	wh_main_effect_force_army_campaign_attrition_all_resistance	2	general_to_force_own	-25.0000
nag_skill_campaign_attrition	wh_main_effect_agent_action_success_chance_enemy_skill	2	character_to_character_own	-2.0000
nag_skill_campaign_attrition	wh_main_effect_agent_action_success_chance_skill	2	character_to_character_own	2.0000
nag_skill_campaign_attrition	wh_main_effect_force_army_campaign_attrition_all_resistance	3	general_to_force_own	-35.0000
nag_skill_campaign_attrition	wh_main_effect_agent_action_success_chance_enemy_skill	3	character_to_character_own	-3.0000
nag_skill_campaign_attrition	wh_main_effect_agent_action_success_chance_skill	3	character_to_character_own	3.0000
nag_skill_campaign_loot	wh_main_effect_force_all_campaign_loot_income	1	character_to_character_own	4.0000
nag_skill_campaign_loot	wh_main_effect_force_all_campaign_post_battle_loot_mod	1	character_to_character_own	4.0000
nag_skill_campaign_loot	wh_main_effect_force_all_campaign_sacking_income	1	character_to_character_own	4.0000
nag_skill_campaign_loot	wh_main_effect_agent_action_success_chance_enemy_skill	1	character_to_character_own	-1.0000
nag_skill_campaign_loot	wh_main_effect_agent_action_success_chance_skill	1	character_to_character_own	1.0000
nag_skill_campaign_loot	wh_main_effect_force_all_campaign_loot_income	2	character_to_character_own	9.0000
nag_skill_campaign_loot	wh_main_effect_force_all_campaign_post_battle_loot_mod	2	character_to_character_own	9.0000
nag_skill_campaign_loot	wh_main_effect_force_all_campaign_sacking_income	2	character_to_character_own	9.0000
nag_skill_campaign_loot	wh_main_effect_agent_action_success_chance_enemy_skill	2	character_to_character_own	-2.0000
nag_skill_campaign_loot	wh_main_effect_agent_action_success_chance_skill	2	character_to_character_own	2.0000
nag_skill_campaign_loot	wh_main_effect_force_all_campaign_loot_income	3	character_to_character_own	15.0000
nag_skill_campaign_loot	wh_main_effect_force_all_campaign_post_battle_loot_mod	3	character_to_character_own	15.0000
nag_skill_campaign_loot	wh_main_effect_force_all_campaign_sacking_income	3	character_to_character_own	15.0000
nag_skill_campaign_loot	wh_main_effect_agent_action_success_chance_enemy_skill	3	character_to_character_own	-3.0000
nag_skill_campaign_loot	wh_main_effect_agent_action_success_chance_skill	3	character_to_character_own	3.0000
nag_skill_campaign_ambush	wh_main_effect_force_army_campaign_ambush_attack_success_chance	1	general_to_force_own	6.0000
nag_skill_campaign_ambush	wh_main_effect_agent_action_success_chance_enemy_skill	1	character_to_character_own	-1.0000
nag_skill_campaign_ambush	wh_main_effect_agent_action_success_chance_skill	1	character_to_character_own	1.0000
nag_skill_campaign_ambush	wh_main_effect_force_army_campaign_ambush_attack_success_chance	2	general_to_force_own	13.0000
nag_skill_campaign_ambush	wh_main_effect_agent_action_success_chance_enemy_skill	2	character_to_character_own	-2.0000
nag_skill_campaign_ambush	wh_main_effect_agent_action_success_chance_skill	2	character_to_character_own	2.0000
nag_skill_campaign_ambush	wh_main_effect_force_army_campaign_ambush_attack_success_chance	3	general_to_force_own	25.0000
nag_skill_campaign_ambush	wh_main_effect_agent_action_success_chance_enemy_skill	3	character_to_character_own	-3.0000
nag_skill_campaign_ambush	wh_main_effect_agent_action_success_chance_skill	3	character_to_character_own	3.0000
nag_skill_campaign_self_defense	wh_main_effect_agent_movement_range_mod	1	character_to_character_own	5.0000
nag_skill_campaign_self_defense	wh_main_effect_agent_defence_wound_chance_mod	1	character_to_character_own	25.0000
nag_skill_campaign_self_defense	wh_main_effect_agent_action_success_chance_enemy	1	character_to_character_own	-10.0000
nag_skill_campaign_self_defense	wh_main_effect_force_all_campaign_upkeep	1	general_to_force_own	-8.0000
nag_skill_campaign_self_defense	wh_main_effect_force_all_campaign_experience_base_all	1	character_to_character_own	1.0000
nag_skill_campaign_self_defense	wh_main_effect_agent_action_success_chance_enemy_skill	1	character_to_character_own	-1.0000
nag_skill_campaign_self_defense	wh_main_effect_agent_action_success_chance_skill	1	character_to_character_own	1.0000
nag_skill_campaign_jolly_roger	wh_main_effect_agent_defence_wound_chance_mod	1	character_to_character_own	25.0000
nag_skill_campaign_jolly_roger	wh_main_effect_agent_movement_range_mod	1	character_to_character_own	5.0000
nag_skill_campaign_jolly_roger	wh_main_effect_agent_action_success_chance_enemy	1	character_to_character_own	-10.0000
nag_skill_campaign_jolly_roger	wh_main_effect_force_all_campaign_experience_base_all	1	character_to_character_own	1.0000
nag_skill_campaign_jolly_roger	wh_main_effect_force_all_campaign_upkeep	1	general_to_force_own	-8.0000
nag_skill_campaign_jolly_roger	wh_main_effect_agent_action_success_chance_enemy_skill	1	character_to_character_own	-1.0000
nag_skill_campaign_jolly_roger	wh_main_effect_agent_action_success_chance_skill	1	character_to_character_own	1.0000
nag_skill_campaign_immortal_horror	wh2_main_effect_replenishment_lords	1	general_to_force_own	30.0000
nag_skill_campaign_immortal_horror	wh_main_effect_agent_action_success_chance_enemy_skill	1	character_to_character_own	-1.0000
nag_skill_campaign_immortal_horror	wh_main_effect_agent_action_success_chance_skill	1	character_to_character_own	1.0000
nag_skill_campaign_immortal_horror	wh_main_effect_character_wound_recovery_time_mod	1	character_to_character_own	-1.0000
nag_skill_magic_nagash_arch_necromancer	wh_main_effect_character_stat_miscast	1	character_to_character_own	-25.0000
nag_skill_magic_nagash_arch_necromancer	wh3_main_effect_winds_of_magic_character	1	character_to_force_own_unseen	25.0000
nag_skill_magic_nagash_arch_necromancer	wh_main_effect_agent_action_success_chance_enemy_skill	1	character_to_character_own	-1.0000
nag_skill_magic_nagash_arch_necromancer	wh_main_effect_agent_action_success_chance_skill	1	character_to_character_own	1.0000
nag_skill_magic_nagash_master_arcane_conduit	nag_effect_ability_enable_master_arcane_conduit	1	character_to_character_own	1.0000
nag_skill_magic_nagash_master_arcane_conduit	wh_main_effect_agent_action_success_chance_enemy_skill	1	character_to_character_own	-1.0000
nag_skill_magic_nagash_master_arcane_conduit	wh_main_effect_agent_action_success_chance_skill	1	character_to_character_own	1.0000
nag_skill_magic_nagash_death_magic_incarnate	nag_effect_nagash_enable_death_magic_incarnate	1	character_to_character_own	1.0000
nag_skill_magic_nagash_death_magic_incarnate	wh3_main_effect_winds_of_magic_pool_cap	1	character_to_character_own	15.0000
nag_skill_magic_nagash_dummy_raise_the_dead	nag_effect_ability_enable_raise_the_dead	1	character_to_character_own	1.0000
nag_skill_magic_nagash_dummy_breath_of_darkness	nag_spell_nagash_enable_breath_of_darkness	1	character_to_character_own	1.0000
nag_skill_wh_main_lore_passive_life_leeching	wh_main_effect_ability_enable_life-leeching	1	character_to_character_own	1.0000
nag_skill_wh_main_lore_passive_life_leeching	wh_main_effect_agent_action_success_chance_enemy_skill	1	character_to_character_own	-1.0000
nag_skill_wh_main_lore_passive_life_leeching	wh_main_effect_agent_action_success_chance_skill	1	character_to_character_own	1.0000
nag_skill_wh_main_lore_passive_the_curse_of_undeath	wh_main_effect_ability_enable_curse_of_undeath	1	character_to_character_own	1.0000
nag_skill_wh_main_lore_passive_the_curse_of_undeath	wh_main_effect_agent_action_success_chance_enemy_skill	1	character_to_character_own	-1.0000
nag_skill_wh_main_lore_passive_the_curse_of_undeath	wh_main_effect_agent_action_success_chance_skill	1	character_to_character_own	1.0000
nag_skill_magic_nagash_dummy_spirit_leech_gaze_of_nagash	wh_main_effect_ability_enable_spirit_leech	1	character_to_character_own	1.0000
nag_skill_magic_nagash_dummy_spirit_leech_gaze_of_nagash	wh_main_effect_ability_enable_gaze_of_nagash	1	character_to_character_own	1.0000
nag_skill_wh_main_lore_passive_the_restless_dead	wh_main_effect_agent_action_success_chance_enemy_skill	1	character_to_character_own	-1.0000
nag_skill_wh_main_lore_passive_the_restless_dead	wh_main_effect_agent_action_success_chance_skill	1	character_to_character_own	1.0000
nag_skill_wh_main_lore_passive_the_restless_dead	wh2_dlc09_effect_ability_enable_the_restless_dead	1	character_to_character_own	1.0000
nag_skill_wh_main_lore_passive_exorcism	wh_main_effect_ability_enable_exorcism	1	character_to_character_own	1.0000
nag_skill_wh_main_lore_passive_exorcism	wh_main_effect_agent_action_success_chance_enemy_skill	1	character_to_character_own	-1.0000
nag_skill_wh_main_lore_passive_exorcism	wh_main_effect_agent_action_success_chance_skill	1	character_to_character_own	1.0000
nag_skill_magic_nagash_dummy_cursed_blades_banishment	wh2_dlc09_effect_ability_enable_djafs_incantation_of_cursed_blades	1	character_to_character_own	1.0000
nag_skill_magic_nagash_dummy_cursed_blades_banishment	wh_main_effect_ability_enable_banishment	1	character_to_character_own	1.0000
nag_skill_unique_nagash_book_one	nag_effect_character_stat_mod_miscast_chance_hidden	1	character_to_character_own	-2.0000
nag_skill_unique_nagash_book_one	nag_effect_military_force_winds_of_magic_depletion_mod_character_hidden	1	character_to_force_own_unseen	2.0000
nag_skill_unique_nagash_book_one	nag_effect_morghast_archai_ward_save_hidden	1	character_to_force_own	2.0000
nag_skill_unique_nagash_book_one	nag_effect_mortarch_ward_save_hidden	1	character_to_force_own_factionwide	1.0000
nag_skill_unique_nagash_book_two	nag_effect_character_stat_mod_miscast_chance_hidden	1	character_to_character_own	-2.0000
nag_skill_unique_nagash_book_two	nag_effect_military_force_winds_of_magic_depletion_mod_character_hidden	1	character_to_force_own_unseen	2.0000
nag_skill_unique_nagash_book_two	nag_effect_morghast_archai_ward_save_hidden	1	character_to_force_own	2.0000
nag_skill_unique_nagash_book_two	nag_effect_mortarch_ward_save_hidden	1	character_to_force_own_factionwide	1.0000
nag_skill_unique_nagash_book_three	nag_effect_character_stat_mod_miscast_chance_hidden	1	character_to_character_own	-2.0000
nag_skill_unique_nagash_book_three	nag_effect_military_force_winds_of_magic_depletion_mod_character_hidden	1	character_to_force_own_unseen	2.0000
nag_skill_unique_nagash_book_three	nag_effect_morghast_archai_ward_save_hidden	1	character_to_force_own	2.0000
nag_skill_unique_nagash_book_three	nag_effect_mortarch_ward_save_hidden	1	character_to_force_own_factionwide	1.0000
nag_skill_unique_nagash_book_four	nag_effect_character_stat_mod_miscast_chance_hidden	1	character_to_character_own	-2.0000
nag_skill_unique_nagash_book_four	nag_effect_military_force_winds_of_magic_depletion_mod_character_hidden	1	character_to_force_own_unseen	2.0000
nag_skill_unique_nagash_book_four	nag_effect_morghast_archai_ward_save_hidden	1	character_to_force_own	2.0000
nag_skill_unique_nagash_book_four	nag_effect_mortarch_ward_save_hidden	1	character_to_force_own_factionwide	1.0000
nag_skill_unique_nagash_book_five	nag_effect_character_stat_mod_miscast_chance_hidden	1	character_to_character_own	-2.0000
nag_skill_unique_nagash_book_five	nag_effect_military_force_winds_of_magic_depletion_mod_character_hidden	1	character_to_force_own_unseen	2.0000
nag_skill_unique_nagash_book_five	nag_effect_morghast_archai_ward_save_hidden	1	character_to_force_own	2.0000
nag_skill_unique_nagash_book_five	nag_effect_mortarch_ward_save_hidden	1	character_to_force_own_factionwide	1.0000
nag_skill_unique_nagash_book_six	nag_effect_character_stat_mod_miscast_chance_hidden	1	character_to_character_own	-2.0000
nag_skill_unique_nagash_book_six	nag_effect_military_force_winds_of_magic_depletion_mod_character_hidden	1	character_to_force_own_unseen	2.0000
nag_skill_unique_nagash_book_six	nag_effect_morghast_archai_ward_save_hidden	1	character_to_force_own	2.0000
nag_skill_unique_nagash_book_six	nag_effect_mortarch_ward_save_hidden	1	character_to_force_own_factionwide	1.0000
nag_skill_unique_nagash_book_seven	nag_effect_character_stat_mod_miscast_chance_hidden	1	character_to_character_own	-2.0000
nag_skill_unique_nagash_book_seven	nag_effect_military_force_winds_of_magic_depletion_mod_character_hidden	1	character_to_force_own_unseen	2.0000
nag_skill_unique_nagash_book_seven	nag_effect_morghast_archai_ward_save_hidden	1	character_to_force_own	2.0000
nag_skill_unique_nagash_book_seven	nag_effect_mortarch_ward_save_hidden	1	character_to_force_own_factionwide	1.0000
nag_skill_unique_nagash_book_eight	nag_effect_character_stat_mod_miscast_chance_hidden	1	character_to_character_own	-2.0000
nag_skill_unique_nagash_book_eight	nag_effect_military_force_winds_of_magic_depletion_mod_character_hidden	1	character_to_force_own_unseen	2.0000
nag_skill_unique_nagash_book_eight	nag_effect_morghast_archai_ward_save_hidden	1	character_to_force_own	2.0000
nag_skill_unique_nagash_book_eight	nag_effect_mortarch_ward_save_hidden	1	character_to_force_own_factionwide	1.0000
nag_skill_unique_nagash_book_nine	nag_effect_character_stat_mod_miscast_chance_hidden	1	character_to_character_own	-2.0000
nag_skill_unique_nagash_book_nine	nag_effect_military_force_winds_of_magic_depletion_mod_character_hidden	1	character_to_force_own_unseen	2.0000
nag_skill_unique_nagash_book_nine	nag_effect_morghast_archai_ward_save_hidden	1	character_to_force_own	2.0000
nag_skill_unique_nagash_book_nine	nag_effect_mortarch_ward_save_hidden	1	character_to_force_own_factionwide	1.0000
nag_skill_unique_nagash_nine_books	nag_effect_book_extra_stack_dummy	1	character_to_character_own	1.0000
nag_skill_unique_nagash_nine_books	nag_effect_character_stat_mod_miscast_chance_dummy	1	character_to_character_own	1.0000
nag_skill_unique_nagash_nine_books	nag_effect_military_force_winds_of_magic_depletion_mod_character_dummy	1	character_to_character_own	1.0000
nag_skill_unique_nagash_nine_books	nag_effect_morghast_archai_ward_save_dummy	1	character_to_character_own	1.0000
nag_skill_unique_nagash_nine_books	nag_effect_mortarch_ward_save_dummy	1	character_to_character_own	1.0000
nag_skill_unique_nagash_nine_books	nag_effect_character_stat_mod_miscast_chance_hidden	1	character_to_character_own	-2.0000
nag_skill_unique_nagash_nine_books	nag_effect_military_force_winds_of_magic_depletion_mod_character_hidden	1	character_to_force_own_unseen	2.0000
nag_skill_unique_nagash_nine_books	nag_effect_morghast_archai_ward_save_hidden	1	character_to_force_own	2.0000
nag_skill_unique_nagash_nine_books	nag_effect_mortarch_ward_save_hidden	1	character_to_force_own_factionwide	1.0000
nag_skill_unique_nagash_nine_books	nag_ability_enable_loremaster_dummy	1	character_to_character_own	1.0000
nag_skill_unique_nagash_nine_books	nag_effect_ability_enable_exorcism_hidden	1	character_to_character_own	1.0000
nag_skill_unique_nagash_nine_books	nag_effect_ability_enable_the_restless_dead_hidden	1	character_to_character_own	1.0000
nag_skill_unique_nagash_nine_books	nag_effect_ability_enable_curse_of_undeath_hidden	1	character_to_character_own	1.0000
nag_skill_unique_nagash_nine_books	nag_effect_ability_enable_life-leeching_hidden	1	character_to_character_own	1.0000
nag_skill_personal_nagash_supreme_lord	wh_main_effect_character_stat_physical_resistance	1	character_to_character_own	10.0000
nag_skill_personal_nagash_supreme_lord	wh_main_effect_character_stat_melee_attack	1	character_to_character_own	8.0000
nag_skill_personal_nagash_supreme_lord	wh_main_effect_character_stat_melee_defence	1	character_to_character_own	8.0000
nag_skill_personal_nagash_undying_king	wh_main_effect_character_wound_recovery_time_mod	1	character_to_character_own_factionwide	-2.0000
nag_skill_personal_nagash_undying_king	nag_effect_grant_immortality_hero	1	character_to_force_own	1.0000
nag_skill_personal_nagash_great_necromancer	wh2_main_effect_agent_recruitment_xp_all_agents_and_lords	1	character_to_province_own_factionwide	2.0000
nag_skill_personal_nagash_great_necromancer	wh2_main_effect_agent_recruitment_xp_all_agents_and_lords_hidden	1	character_to_force_own_unseen	2.0000
nag_skill_personal_nagash_great_necromancer	wh_main_effect_force_all_campaign_experience_base_all	1	faction_to_character_own	1.0000
nag_skill_personal_nagash_great_necromancer	wh_main_effect_unit_recruitment_points	1	faction_to_force_own	3.0000
nag_skill_personal_nagash_world_at_peace	nag_effect_diplomatic_relations_living	1	character_to_faction_unseen	-666.0000
nag_skill_personal_nagash_world_at_peace	nag_effect_bonus_melee_attack_fighting_against_all	1	character_to_force_own_factionwide	9.0000
nag_skill_personal_nagash_world_at_peace	nag_effect_bonus_charge_fighting_against_all	1	character_to_force_own_factionwide	8.0000
nag_skill_personal_nagash_world_at_peace	wh_dlc08_effect_force_all_campaign_upkeep	1	general_to_force_own	-10.0000
nag_skill_personal_nagash_fate_of_flesh	wh_main_effect_character_stat_leadership_aura_size	1	character_to_character_own	100.0000
nag_skill_personal_nagash_fate_of_flesh	wh_main_effect_character_stat_aura_leadership_effect	1	character_to_character_own	5.0000
nag_skill_campaign_nagash_big_corruption	wh3_main_effect_corruption_vampiric_characters	1	character_to_character_own_provincetext	2.0000
nag_skill_campaign_nagash_big_corruption	wh_main_effect_agent_action_success_chance_enemy_skill	1	character_to_character_own	-1.0000
nag_skill_campaign_nagash_big_corruption	wh_main_effect_agent_action_success_chance_skill	1	character_to_character_own	1.0000
nag_skill_campaign_nagash_big_corruption	wh3_main_effect_corruption_vampiric_characters	2	character_to_character_own_provincetext	3.0000
nag_skill_campaign_nagash_big_corruption	wh_main_effect_agent_action_success_chance_enemy_skill	2	character_to_character_own	-2.0000
nag_skill_campaign_nagash_big_corruption	wh_main_effect_agent_action_success_chance_skill	2	character_to_character_own	2.0000
nag_skill_campaign_nagash_big_corruption	wh3_main_effect_corruption_vampiric_characters	3	character_to_character_own_provincetext	5.0000
nag_skill_campaign_nagash_big_corruption	wh_main_effect_agent_action_success_chance_enemy_skill	3	character_to_character_own	-3.0000
nag_skill_campaign_nagash_big_corruption	wh_main_effect_agent_action_success_chance_skill	3	character_to_character_own	3.0000
nag_skill_campaign_nagash_big_raiding	wh_main_effect_force_all_campaign_raid_income	1	general_to_force_own	12.0000
nag_skill_campaign_nagash_big_raiding	wh_main_effect_agent_action_success_chance_enemy_skill	1	character_to_character_own	-1.0000
nag_skill_campaign_nagash_big_raiding	wh_main_effect_agent_action_success_chance_skill	1	character_to_character_own	1.0000
nag_skill_campaign_nagash_big_raiding	wh_main_effect_force_all_campaign_raid_income	2	general_to_force_own	20.0000
nag_skill_campaign_nagash_big_raiding	wh_main_effect_agent_action_success_chance_enemy_skill	2	character_to_character_own	-2.0000
nag_skill_campaign_nagash_big_raiding	wh_main_effect_agent_action_success_chance_skill	2	character_to_character_own	2.0000
nag_skill_campaign_nagash_big_raiding	wh_main_effect_force_all_campaign_raid_income	3	general_to_force_own	30.0000
nag_skill_campaign_nagash_big_raiding	wh_main_effect_agent_action_success_chance_enemy_skill	3	character_to_character_own	-3.0000
nag_skill_campaign_nagash_big_raiding	wh_main_effect_agent_action_success_chance_skill	3	character_to_character_own	3.0000
nag_skill_campaign_nagash_big_replenishment	wh_main_effect_force_all_campaign_replenishment_rate	1	general_to_force_own	8.0000
nag_skill_campaign_nagash_big_replenishment	wh_main_effect_agent_action_success_chance_enemy_skill	1	character_to_character_own	-1.0000
nag_skill_campaign_nagash_big_replenishment	wh_main_effect_agent_action_success_chance_skill	1	character_to_character_own	1.0000
nag_skill_campaign_nagash_big_replenishment	wh_main_effect_force_all_campaign_replenishment_rate	2	general_to_force_own	15.0000
nag_skill_campaign_nagash_big_replenishment	wh_main_effect_agent_action_success_chance_enemy_skill	2	character_to_character_own	-2.0000
nag_skill_campaign_nagash_big_replenishment	wh_main_effect_agent_action_success_chance_skill	2	character_to_character_own	2.0000
nag_skill_campaign_nagash_big_replenishment	wh_main_effect_force_all_campaign_replenishment_rate	3	general_to_force_own	20.0000
nag_skill_campaign_nagash_big_replenishment	wh_main_effect_agent_action_success_chance_enemy_skill	3	character_to_character_own	-3.0000
nag_skill_campaign_nagash_big_replenishment	wh_main_effect_agent_action_success_chance_skill	3	character_to_character_own	3.0000
nag_skill_campaign_nagash_big_growth	nag_effect_horde_growth	1	general_to_force_own	1.0000
nag_skill_campaign_nagash_big_growth	wh_main_effect_agent_action_success_chance_enemy_skill	1	character_to_character_own	-1.0000
nag_skill_campaign_nagash_big_growth	wh_main_effect_agent_action_success_chance_skill	1	character_to_character_own	1.0000
nag_skill_campaign_nagash_big_growth	nag_effect_horde_growth	2	general_to_force_own	5.0000
nag_skill_campaign_nagash_big_growth	wh_main_effect_agent_action_success_chance_enemy_skill	2	character_to_character_own	-2.0000
nag_skill_campaign_nagash_big_growth	wh_main_effect_agent_action_success_chance_skill	2	character_to_character_own	2.0000
nag_skill_campaign_nagash_big_growth	nag_effect_horde_growth	3	general_to_force_own	8.0000
nag_skill_campaign_nagash_big_growth	wh_main_effect_agent_action_success_chance_enemy_skill	3	character_to_character_own	-3.0000
nag_skill_campaign_nagash_big_growth	wh_main_effect_agent_action_success_chance_skill	3	character_to_character_own	3.0000
nag_skill_campaign_nagash_big_recruit	wh_main_effect_force_all_campaign_experience_base_all	1	character_to_character_own	1.0000
nag_skill_campaign_nagash_big_recruit	wh_main_effect_unit_recruitment_points	1	force_to_province_own	2.0000
nag_skill_campaign_nagash_big_recruit	wh_main_effect_force_all_recruitment_points	1	general_to_force_own_unseen	2.0000
nag_skill_campaign_nagash_big_recruit	wh_main_effect_agent_action_success_chance_enemy_skill	1	character_to_character_own	-1.0000
nag_skill_campaign_nagash_big_recruit	wh_main_effect_agent_action_success_chance_skill	1	character_to_character_own	1.0000
nag_skill_campaign_nagash_big_attrition	wh_main_effect_force_army_campaign_attrition_all_resistance	1	general_to_force_own	-25.0000
nag_skill_campaign_nagash_big_attrition	wh_main_effect_agent_action_success_chance_enemy_skill	1	character_to_character_own	-1.0000
nag_skill_campaign_nagash_big_attrition	wh_main_effect_agent_action_success_chance_skill	1	character_to_character_own	1.0000
nag_skill_campaign_nagash_big_attrition	wh_main_effect_force_army_campaign_attrition_all_resistance	2	general_to_force_own	-35.0000
nag_skill_campaign_nagash_big_attrition	wh_main_effect_agent_action_success_chance_enemy_skill	2	character_to_character_own	-2.0000
nag_skill_campaign_nagash_big_attrition	wh_main_effect_agent_action_success_chance_skill	2	character_to_character_own	2.0000
nag_skill_campaign_nagash_big_attrition	wh_main_effect_force_army_campaign_attrition_all_resistance	3	general_to_force_own	-50.0000
nag_skill_campaign_nagash_big_attrition	wh_main_effect_agent_action_success_chance_enemy_skill	3	character_to_character_own	-3.0000
nag_skill_campaign_nagash_big_attrition	wh_main_effect_agent_action_success_chance_skill	3	character_to_character_own	3.0000
nag_skill_campaign_nagash_big_loot	wh_main_effect_force_all_campaign_loot_income	1	character_to_character_own	9.0000
nag_skill_campaign_nagash_big_loot	wh_main_effect_force_all_campaign_post_battle_loot_mod	1	character_to_character_own	9.0000
nag_skill_campaign_nagash_big_loot	wh_main_effect_force_all_campaign_sacking_income	1	character_to_character_own	9.0000
nag_skill_campaign_nagash_big_loot	wh_main_effect_agent_action_success_chance_enemy_skill	1	character_to_character_own	-1.0000
nag_skill_campaign_nagash_big_loot	wh_main_effect_agent_action_success_chance_skill	1	character_to_character_own	1.0000
nag_skill_campaign_nagash_big_loot	wh_main_effect_force_all_campaign_loot_income	2	character_to_character_own	15.0000
nag_skill_campaign_nagash_big_loot	wh_main_effect_force_all_campaign_post_battle_loot_mod	2	character_to_character_own	15.0000
nag_skill_campaign_nagash_big_loot	wh_main_effect_force_all_campaign_sacking_income	2	character_to_character_own	15.0000
nag_skill_campaign_nagash_big_loot	wh_main_effect_agent_action_success_chance_enemy_skill	2	character_to_character_own	-2.0000
nag_skill_campaign_nagash_big_loot	wh_main_effect_agent_action_success_chance_skill	2	character_to_character_own	2.0000
nag_skill_campaign_nagash_big_loot	wh_main_effect_force_all_campaign_loot_income	3	character_to_character_own	25.0000
nag_skill_campaign_nagash_big_loot	wh_main_effect_force_all_campaign_post_battle_loot_mod	3	character_to_character_own	25.0000
nag_skill_campaign_nagash_big_loot	wh_main_effect_force_all_campaign_sacking_income	3	character_to_character_own	25.0000
nag_skill_campaign_nagash_big_loot	wh_main_effect_agent_action_success_chance_enemy_skill	3	character_to_character_own	-3.0000
nag_skill_campaign_nagash_big_loot	wh_main_effect_agent_action_success_chance_skill	3	character_to_character_own	3.0000
nag_skill_campaign_nagash_big_ambush	wh_main_effect_force_army_campaign_ambush_attack_success_chance	1	general_to_force_own	13.0000
nag_skill_campaign_nagash_big_ambush	wh_main_effect_agent_action_success_chance_enemy_skill	1	character_to_character_own	-1.0000
nag_skill_campaign_nagash_big_ambush	wh_main_effect_agent_action_success_chance_skill	1	character_to_character_own	1.0000
nag_skill_campaign_nagash_big_ambush	wh_main_effect_force_army_campaign_ambush_attack_success_chance	2	general_to_force_own	25.0000
nag_skill_campaign_nagash_big_ambush	wh_main_effect_agent_action_success_chance_enemy_skill	2	character_to_character_own	-2.0000
nag_skill_campaign_nagash_big_ambush	wh_main_effect_agent_action_success_chance_skill	2	character_to_character_own	2.0000
nag_skill_campaign_nagash_big_ambush	wh_main_effect_force_army_campaign_ambush_attack_success_chance	3	general_to_force_own	35.0000
nag_skill_campaign_nagash_big_ambush	wh_main_effect_agent_action_success_chance_enemy_skill	3	character_to_character_own	-3.0000
nag_skill_campaign_nagash_big_ambush	wh_main_effect_agent_action_success_chance_skill	3	character_to_character_own	3.0000
nag_skill_campaign_nagash_big_self_defense	wh_main_effect_agent_movement_range_mod	1	character_to_character_own	5.0000
nag_skill_campaign_nagash_big_self_defense	wh_main_effect_agent_defence_wound_chance_mod	1	character_to_character_own	50.0000
nag_skill_campaign_nagash_big_self_defense	wh_main_effect_agent_action_success_chance_enemy	1	character_to_character_own	-25.0000
nag_skill_campaign_nagash_big_self_defense	wh_main_effect_force_all_campaign_upkeep	1	general_to_force_own	-10.0000
nag_skill_campaign_nagash_big_self_defense	wh_main_effect_force_all_campaign_experience_base_all	1	character_to_character_own	1.0000
nag_skill_campaign_nagash_big_self_defense	wh_main_effect_agent_action_success_chance_enemy_skill	1	character_to_character_own	-1.0000
nag_skill_campaign_nagash_big_self_defense	wh_main_effect_agent_action_success_chance_skill	1	character_to_character_own	1.0000
nag_skill_campaign_nagash_small_corruption	wh3_main_effect_corruption_vampiric_characters	1	character_to_character_own_provincetext	2.0000
nag_skill_campaign_nagash_small_corruption	wh_main_effect_agent_action_success_chance_enemy_skill	1	character_to_character_own	-1.0000
nag_skill_campaign_nagash_small_corruption	wh_main_effect_agent_action_success_chance_skill	1	character_to_character_own	1.0000
nag_skill_campaign_nagash_small_raiding	wh_main_effect_force_all_campaign_raid_income	1	general_to_force_own	12.0000
nag_skill_campaign_nagash_small_raiding	wh_main_effect_agent_action_success_chance_enemy_skill	1	character_to_character_own	-1.0000
nag_skill_campaign_nagash_small_raiding	wh_main_effect_agent_action_success_chance_skill	1	character_to_character_own	1.0000
nag_skill_campaign_nagash_small_replenishment	wh_main_effect_force_all_campaign_replenishment_rate	1	general_to_force_own	8.0000
nag_skill_campaign_nagash_small_replenishment	wh_main_effect_agent_action_success_chance_enemy_skill	1	character_to_character_own	-1.0000
nag_skill_campaign_nagash_small_replenishment	wh_main_effect_agent_action_success_chance_skill	1	character_to_character_own	1.0000
nag_skill_campaign_nagash_small_growth	nag_effect_horde_growth	1	general_to_force_own	2.0000
nag_skill_campaign_nagash_small_growth	wh_main_effect_agent_action_success_chance_enemy_skill	1	character_to_character_own	-1.0000
nag_skill_campaign_nagash_small_growth	wh_main_effect_agent_action_success_chance_skill	1	character_to_character_own	1.0000
nag_skill_campaign_nagash_small_recruit	wh_main_effect_force_all_campaign_experience_base_all	1	character_to_character_own	1.0000
nag_skill_campaign_nagash_small_recruit	wh_main_effect_unit_recruitment_points	1	force_to_province_own	2.0000
nag_skill_campaign_nagash_small_recruit	wh_main_effect_force_all_recruitment_points	1	general_to_force_own_unseen	2.0000
nag_skill_campaign_nagash_small_recruit	wh_main_effect_agent_action_success_chance_enemy_skill	1	character_to_character_own	-1.0000
nag_skill_campaign_nagash_small_recruit	wh_main_effect_agent_action_success_chance_skill	1	character_to_character_own	1.0000
nag_skill_campaign_nagash_small_attrition	wh_main_effect_force_army_campaign_attrition_all_resistance	1	general_to_force_own	-25.0000
nag_skill_campaign_nagash_small_attrition	wh_main_effect_agent_action_success_chance_enemy_skill	1	character_to_character_own	-1.0000
nag_skill_campaign_nagash_small_attrition	wh_main_effect_agent_action_success_chance_skill	1	character_to_character_own	1.0000
nag_skill_campaign_nagash_small_loot	wh_main_effect_force_all_campaign_loot_income	1	character_to_character_own	9.0000
nag_skill_campaign_nagash_small_loot	wh_main_effect_force_all_campaign_post_battle_loot_mod	1	character_to_character_own	9.0000
nag_skill_campaign_nagash_small_loot	wh_main_effect_force_all_campaign_sacking_income	1	character_to_character_own	9.0000
nag_skill_campaign_nagash_small_loot	wh_main_effect_agent_action_success_chance_enemy_skill	1	character_to_character_own	-1.0000
nag_skill_campaign_nagash_small_loot	wh_main_effect_agent_action_success_chance_skill	1	character_to_character_own	1.0000
nag_skill_campaign_nagash_small_ambush	wh_main_effect_force_army_campaign_ambush_attack_success_chance	1	general_to_force_own	13.0000
nag_skill_campaign_nagash_small_ambush	wh_main_effect_agent_action_success_chance_enemy_skill	1	character_to_character_own	-1.0000
nag_skill_campaign_nagash_small_ambush	wh_main_effect_agent_action_success_chance_skill	1	character_to_character_own	1.0000
nag_skill_campaign_nagash_small_self_defense	wh_main_effect_agent_movement_range_mod	1	character_to_character_own	5.0000
nag_skill_campaign_nagash_small_self_defense	wh_main_effect_agent_defence_wound_chance_mod	1	character_to_character_own	50.0000
nag_skill_campaign_nagash_small_self_defense	wh_main_effect_agent_action_success_chance_enemy	1	character_to_character_own	-25.0000
nag_skill_campaign_nagash_small_self_defense	wh_main_effect_force_all_campaign_upkeep	1	general_to_force_own	-10.0000
nag_skill_campaign_nagash_small_self_defense	wh_main_effect_force_all_campaign_experience_base_all	1	character_to_character_own	1.0000
nag_skill_campaign_nagash_small_self_defense	wh_main_effect_agent_action_success_chance_enemy_skill	1	character_to_character_own	-1.0000
nag_skill_campaign_nagash_small_self_defense	wh_main_effect_agent_action_success_chance_skill	1	character_to_character_own	1.0000
nag_skill_personal_arkhan_unique_3	nag_effect_charge_bonus_increase_dire_wolves_hexwraiths	1	character_to_force_own_factionwide	12.0000
nag_skill_personal_arkhan_unique_3	nag_effect_self_arkhan_melee_attack_nehek	1	character_to_force_own_factionwide	8.0000
nag_skill_personal_arkhan_unique_3	wh_main_effect_force_stat_leadership_pct	1	general_to_force_own	4.0000
nag_skill_personal_arkhan_unique_3	wh_main_effect_agent_action_success_chance_enemy_skill	1	character_to_character_own	-1.0000
nag_skill_personal_arkhan_unique_3	wh_main_effect_agent_action_success_chance_skill	1	character_to_character_own	1.0000
nag_skill_personal_arkhan_unique_3	nag_effect_charge_bonus_increase_dire_wolves_hexwraiths	2	character_to_force_own_factionwide	20.0000
nag_skill_personal_arkhan_unique_3	nag_effect_self_arkhan_melee_attack_nehek	2	character_to_force_own_factionwide	12.0000
nag_skill_personal_arkhan_unique_3	wh_main_effect_force_stat_leadership_pct	2	general_to_force_own	8.0000
nag_skill_personal_arkhan_unique_3	wh_main_effect_agent_action_success_chance_enemy_skill	2	character_to_character_own	-2.0000
nag_skill_personal_arkhan_unique_3	wh_main_effect_agent_action_success_chance_skill	2	character_to_character_own	2.0000
nag_skill_personal_arkhan_unique_4	nag_effect_agent_cap_increase_liche_priest	1	character_to_faction_unseen	2.0000
nag_skill_personal_arkhan_unique_4	nag_effect_agent_recruitment_xp_wizard_liche_priests	1	character_to_province_own_factionwide	3.0000
nag_skill_personal_arkhan_unique_4	nag_effect_agent_recruitment_xp_wizard_liche_priests_hidden	1	character_to_force_own_unseen	3.0000
nag_skill_personal_arkhan_unique_4	wh_main_effect_agent_action_success_chance_enemy_skill	1	character_to_character_own	-1.0000
nag_skill_personal_arkhan_unique_4	wh_main_effect_agent_action_success_chance_skill	1	character_to_character_own	1.0000
nag_skill_personal_arkhan_unique_5	nag_effect_self_arkhan_rank_nehek_plus	1	character_to_force_own_factionwide	3.0000
nag_skill_personal_arkhan_unique_5	wh_main_effect_character_stat_unit_health	1	character_to_character_own	10.0000
nag_skill_personal_arkhan_unique_5	wh3_main_effect_winds_of_magic_character	1	character_to_force_own_unseen	15.0000
nag_skill_personal_arkhan_unique_5	wh_main_effect_agent_action_success_chance_enemy_skill	1	character_to_character_own	-1.0000
nag_skill_personal_arkhan_unique_5	wh_main_effect_agent_action_success_chance_skill	1	character_to_character_own	1.0000
nag_skill_self_krell_hatred_of_the_gods	wh_main_effect_character_stat_melee_attack	1	character_to_character_own	7.0000
nag_skill_self_krell_hatred_of_the_gods	wh_main_effect_agent_action_success_chance_enemy_skill	1	character_to_character_own	-1.0000
nag_skill_self_krell_hatred_of_the_gods	wh_main_effect_agent_action_success_chance_skill	1	character_to_character_own	1.0000
nag_skill_personal_krell_immortal_challenger	wh_main_effect_character_stat_unit_health	1	character_to_character_own	25.0000
nag_skill_personal_krell_immortal_challenger	wh_main_effect_character_stat_melee_defence	1	character_to_character_own	8.0000
nag_skill_personal_krell_immortal_challenger	wh_main_effect_agent_action_success_chance_enemy_skill	1	character_to_character_own	-1.0000
nag_skill_personal_krell_immortal_challenger	wh_main_effect_agent_action_success_chance_skill	1	character_to_character_own	1.0000
nag_skill_personal_krell_champion_of_nagash	wh_main_effect_ability_enable_heroic_killing_blow	1	character_to_character_own	1.0000
nag_skill_personal_krell_champion_of_nagash	wh_main_effect_character_stat_leadership_aura_size	1	character_to_character_own	20.0000
nag_skill_personal_krell_champion_of_nagash	wh_main_effect_agent_action_success_chance_enemy_skill	1	character_to_character_own	-1.0000
nag_skill_personal_krell_champion_of_nagash	wh_main_effect_agent_action_success_chance_skill	1	character_to_character_own	1.0000
nag_skill_personal_krell_might_makes_wight	wh_main_effect_character_stat_weapon_strength_attacking	1	character_to_character_own	20.0000
nag_skill_personal_krell_might_makes_wight	wh_main_effect_agent_action_success_chance_enemy_skill	1	character_to_character_own	-1.0000
nag_skill_personal_krell_might_makes_wight	wh_main_effect_agent_action_success_chance_skill	1	character_to_character_own	1.0000
nag_skill_personal_krell_spectral_executioner	wh_main_effect_character_wound_recovery_time_mod	1	character_to_character_own	-3.0000
nag_skill_personal_krell_spectral_executioner	wh_main_effect_ability_enable_deathblow	1	character_to_character_own	1.0000
nag_skill_personal_krell_spectral_executioner	wh_main_effect_agent_action_success_chance_enemy_skill	1	character_to_character_own	-1.0000
nag_skill_personal_krell_spectral_executioner	wh_main_effect_agent_action_success_chance_skill	1	character_to_character_own	1.0000
nag_skill_personal_krell_skull_throne	wh_main_effect_force_all_campaign_post_battle_loot_mod	1	character_to_character_own	15.0000
nag_skill_personal_krell_skull_throne	wh_main_effect_force_all_campaign_raid_income	1	character_to_character_own	15.0000
nag_skill_personal_krell_skull_throne	wh_main_effect_force_all_campaign_loot_income	1	character_to_character_own	15.0000
nag_skill_personal_krell_skull_throne	wh_main_effect_force_all_campaign_sacking_income	1	character_to_character_own	15.0000
nag_skill_personal_krell_skull_throne	wh_main_effect_force_army_campaign_siege_attack_holdout_time	1	character_to_character_own	-3.0000
nag_skill_personal_krell_skull_throne	wh2_main_effect_agent_action_passive_spread_public_order_effect_negative	1	character_to_enemy_province	-5.0000
nag_skill_personal_krell_skull_throne	wh_main_effect_agent_action_success_chance_enemy_skill	1	character_to_character_own	-1.0000
nag_skill_personal_krell_skull_throne	wh_main_effect_agent_action_success_chance_skill	1	character_to_character_own	1.0000
nag_skill_personal_krell_abandoned_by_khorne	nag_effect_self_krell_melee_attack_versus_nor_chs_bst	1	general_to_force_own	8.0000
nag_skill_personal_krell_abandoned_by_khorne	nag_effect_self_krell_melee_damage_versus_nor_chs_bst	1	general_to_force_own	8.0000
nag_skill_personal_krell_abandoned_by_khorne	nag_effect_self_krell_charge_bonus_versus_nor_chs_bst	1	general_to_force_own	8.0000
nag_skill_personal_krell_abandoned_by_khorne	wh_main_effect_agent_action_success_chance_enemy_skill	1	character_to_character_own	-1.0000
nag_skill_personal_krell_abandoned_by_khorne	wh_main_effect_agent_action_success_chance_skill	1	character_to_character_own	1.0000
nag_skill_personal_krell_the_doomed_legion	nag_effect_agent_recruitment_xp_champion_wight_king	1	character_to_province_own_factionwide	5.0000
nag_skill_personal_krell_the_doomed_legion	nag_effect_agent_recruitment_xp_champion_wight_king_hidden	1	character_to_force_own_unseen	5.0000
nag_skill_personal_krell_the_doomed_legion	nag_effect_agent_cap_increase_prince_wight	1	character_to_faction_unseen	3.0000
nag_skill_personal_krell_the_doomed_legion	nag_effect_self_krell_infantry_melee_defence_skill	1	general_to_force_own	8.0000
nag_skill_personal_krell_the_doomed_legion	nag_effect_self_krell_infantry_upkeep_skill	1	general_to_force_own	-30.0000
nag_skill_personal_krell_the_doomed_legion	wh_main_effect_agent_action_success_chance_enemy_skill	1	character_to_character_own	-1.0000
nag_skill_personal_krell_the_doomed_legion	wh_main_effect_agent_action_success_chance_skill	1	character_to_character_own	1.0000
nag_skill_personal_krell_his_will_be_done	wh_main_effect_agent_movement_range_mod	1	character_to_character_own	5.0000
nag_skill_personal_krell_his_will_be_done	wh_main_effect_force_army_campaign_attrition_all_resistance	1	general_to_force_own	-15.0000
nag_skill_personal_krell_his_will_be_done	wh_main_effect_agent_action_success_chance_enemy_skill	1	character_to_character_own	-1.0000
nag_skill_personal_krell_his_will_be_done	wh_main_effect_agent_action_success_chance_skill	1	character_to_character_own	1.0000
nag_skill_personal_krell_his_will_be_done	wh_main_effect_agent_movement_range_mod	2	character_to_character_own	10.0000
nag_skill_personal_krell_his_will_be_done	wh_main_effect_force_army_campaign_attrition_all_resistance	2	general_to_force_own	-30.0000
nag_skill_personal_krell_his_will_be_done	wh_main_effect_force_all_recruitment_points	2	general_to_force_own_unseen	1.0000
nag_skill_personal_krell_his_will_be_done	wh_main_effect_agent_action_success_chance_enemy_skill	2	character_to_character_own	-2.0000
nag_skill_personal_krell_his_will_be_done	wh_main_effect_agent_action_success_chance_skill	2	character_to_character_own	2.0000
nag_skill_personal_krell_his_will_be_done	wh_main_effect_agent_movement_range_mod	3	character_to_character_own	15.0000
nag_skill_personal_krell_his_will_be_done	wh_main_effect_force_army_campaign_attrition_all_resistance	3	general_to_force_own	-50.0000
nag_skill_personal_krell_his_will_be_done	wh_main_effect_force_all_recruitment_points	3	general_to_force_own_unseen	2.0000
nag_skill_personal_krell_his_will_be_done	wh_main_effect_agent_action_success_chance_enemy_skill	3	character_to_character_own	-3.0000
nag_skill_personal_krell_his_will_be_done	wh_main_effect_agent_action_success_chance_skill	3	character_to_character_own	3.0000
nag_skill_self_luthor_smuggler	wh_main_effect_agent_action_success_chance_enemy_skill	1	character_to_character_own	-1.0000
nag_skill_self_luthor_smuggler	wh_main_effect_agent_action_success_chance_skill	1	character_to_character_own	1.0000
nag_skill_self_luthor_smuggler	wh_main_effect_agent_movement_range_mod	1	character_to_character_own	8.0000
nag_skill_self_luthor_smuggler	wh_main_effect_force_all_recruitment_points	1	general_to_force_own_unseen	1.0000
nag_skill_self_luthor_arsonist	nag_effect_self_luthor_missile_strength_arty	1	general_to_force_own	8.0000
nag_skill_self_luthor_arsonist	wh_main_effect_force_army_campaign_siege_attack_holdout_time	1	character_to_character_own	-3.0000
nag_skill_self_luthor_arsonist	wh_main_effect_agent_action_success_chance_enemy_skill	1	character_to_character_own	-1.0000
nag_skill_self_luthor_arsonist	wh_main_effect_agent_action_success_chance_skill	1	character_to_character_own	1.0000
nag_skill_self_luthor_arsonist	wh_main_effect_character_stat_fire_resistance	1	character_to_character_own	15.0000
nag_skill_personal_neferata_deathly_vigour	wh2_dlc10_effect_attribute_enable_perfect_vigour	1	character_to_character_own	1.0000
nag_skill_personal_neferata_deathly_vigour	wh_main_effect_agent_action_success_chance_enemy_skill	1	character_to_character_own	-1.0000
nag_skill_personal_neferata_deathly_vigour	wh_main_effect_agent_action_success_chance_skill	1	character_to_character_own	1.0000
nag_skill_personal_neferata_twilights_allure	wh_main_effect_character_stat_physical_resistance	1	character_to_character_own	15.0000
nag_skill_personal_neferata_twilights_allure	nag_effect_self_neferata_ward_save_physical_vs_lybaras	1	character_to_character_own	-15.0000
nag_skill_personal_neferata_twilights_allure	nag_effect_self_neferata_melee_defence_vs_lybaras	1	character_to_character_own	-8.0000
nag_skill_personal_neferata_twilights_allure	wh_main_effect_agent_action_success_chance_enemy_skill	1	character_to_character_own	-1.0000
nag_skill_personal_neferata_twilights_allure	wh_main_effect_agent_action_success_chance_skill	1	character_to_character_own	1.0000
nag_skill_personal_neferata_queen_of_mysteries	wh_main_effect_character_stat_weapon_strength	1	character_to_character_own	20.0000
nag_skill_personal_neferata_queen_of_mysteries	wh_main_effect_character_stat_melee_defence	1	character_to_character_own	12.0000
nag_skill_personal_neferata_queen_of_mysteries	wh_main_effect_character_stat_leadership_aura_size_attacking	1	character_to_character_own	50.0000
nag_skill_personal_neferata_queen_of_mysteries	wh_main_effect_agent_action_success_chance_enemy_skill	1	character_to_character_own	-1.0000
nag_skill_personal_neferata_queen_of_mysteries	wh_main_effect_agent_action_success_chance_skill	1	character_to_character_own	1.0000
nag_skill_personal_neferata_first_of_vampires	wh_main_effect_character_wound_recovery_time_mod	1	character_to_character_own	-3.0000
nag_skill_personal_neferata_first_of_vampires	wh_main_effect_character_stat_unit_health	1	character_to_character_own	10.0000
nag_skill_personal_neferata_first_of_vampires	nag_effect_self_neferata_speed_vampires	1	character_to_force_own_factionwide	10.0000
nag_skill_personal_neferata_first_of_vampires	nag_effect_self_neferata_enable_ability_blood_queen	1	character_to_character_own	1.0000
nag_skill_personal_neferata_first_of_vampires	wh_main_effect_agent_action_success_chance_enemy_skill	1	character_to_character_own	-1.0000
nag_skill_personal_neferata_first_of_vampires	wh_main_effect_agent_action_success_chance_skill	1	character_to_character_own	1.0000
nag_skill_personal_neferata_grand_masquerade	nag_effect_self_neferata_melee_damage_vs_gullable	1	general_to_force_own	20.0000
nag_skill_personal_neferata_grand_masquerade	wh_main_effect_character_stat_melee_attack	1	character_to_character_own	8.0000
nag_skill_personal_neferata_grand_masquerade	wh_main_effect_character_stat_melee_defence	1	character_to_character_own	8.0000
nag_skill_personal_neferata_grand_masquerade	wh_main_effect_agent_action_success_chance_enemy_skill	1	character_to_character_own	-1.0000
nag_skill_personal_neferata_grand_masquerade	wh_main_effect_agent_action_success_chance_skill	1	character_to_character_own	1.0000
nag_skill_personal_neferata_web_of_spies	wh_main_effect_force_army_campaign_siege_attack_holdout_time	1	character_to_force_own_factionwide	-3.0000
nag_skill_personal_neferata_web_of_spies	wh_main_effect_force_army_campaign_ambush_attack_success_chance	1	character_to_force_own_factionwide	15.0000
nag_skill_personal_neferata_web_of_spies	wh_main_effect_force_army_campaign_ambush_defence_success_chance	1	character_to_force_own_factionwide	15.0000
nag_skill_personal_neferata_web_of_spies	wh_main_effect_character_stat_ward_save	1	character_to_character_own	10.0000
nag_skill_personal_neferata_web_of_spies	wh_main_effect_agent_action_success_chance_enemy_skill	1	character_to_character_own	-1.0000
nag_skill_personal_neferata_web_of_spies	wh_main_effect_agent_action_success_chance_skill	1	character_to_character_own	1.0000
nag_skill_personal_luthor_man_of_war	nag_effect_agent_recruitment_xp_engineer_gunnery_wight	1	character_to_province_own_factionwide	5.0000
nag_skill_personal_luthor_man_of_war	nag_effect_agent_recruitment_xp_engineer_gunnery_wight_hidden	1	character_to_force_own_unseen	5.0000
nag_skill_personal_luthor_man_of_war	nag_effect_agent_cap_increase_gunnery_wight	1	character_to_faction_unseen	3.0000
nag_skill_personal_luthor_man_of_war	wh2_dlc11_effect_force_stat_leadership_deckhand_depth_guard	1	general_to_force_own	8.0000
nag_skill_personal_luthor_man_of_war	wh_main_effect_agent_action_success_chance_enemy_skill	1	character_to_character_own	-1.0000
nag_skill_personal_luthor_man_of_war	wh_main_effect_agent_action_success_chance_skill	1	character_to_character_own	1.0000
nag_skill_personal_luthor_hand_cannon	nag_effect_self_luthor_missile_strength_gunnery_carronade	1	general_to_force_own	8.0000
nag_skill_personal_luthor_hand_cannon	wh2_dlc11_effect_character_ammunition_type_explosive_bullets	1	character_to_force_own_unseen	1.0000
nag_skill_personal_luthor_hand_cannon	wh_main_effect_agent_action_success_chance_enemy_skill	1	character_to_character_own	-1.0000
nag_skill_personal_luthor_hand_cannon	wh_main_effect_agent_action_success_chance_skill	1	character_to_character_own	1.0000
nag_skill_personal_luthor_hand_cannon	wh_main_effect_character_stat_missile_damage	1	character_to_character_own	8.0000
nag_skill_personal_luthor_pirate_king	wh_main_effect_agent_action_success_chance_enemy_skill	1	character_to_character_own	-1.0000
nag_skill_personal_luthor_pirate_king	wh_main_effect_agent_action_success_chance_skill	1	character_to_character_own	1.0000
nag_skill_personal_luthor_pirate_king	wh_main_effect_force_all_campaign_upkeep	1	general_to_force_own	-10.0000
nag_skill_personal_luthor_pirate_king	wh_main_effect_force_all_recruitment_points	1	general_to_force_own_unseen	1.0000
nag_skill_unique_vlad_von_carstein_mesmerising_aura	wh2_dlc17_effect_ability_mod_cooldown_beguilement	1	character_to_character_own	-33.0000
nag_skill_unique_vlad_von_carstein_mesmerising_aura	nag_effect_self_vlad_ability_upgrade_mortarch_of_shadows	1	character_to_character_own	1.0000
nag_skill_unique_vlad_von_carstein_mesmerising_aura	wh_main_effect_agent_action_success_chance_enemy	1	character_to_character_own	-9.0000
nag_skill_unique_vlad_von_carstein_mesmerising_aura	wh_main_effect_agent_action_success_chance_enemy_skill	1	character_to_character_own	-1.0000
nag_skill_unique_vlad_von_carstein_mesmerising_aura	wh_main_effect_agent_action_success_chance_skill	1	character_to_character_own	1.0000
nag_skill_unique_isabella_blood_chalice_of_bathori	wh_main_effect_agent_action_success_chance_enemy	1	character_to_character_own	-10.0000
nag_skill_unique_isabella_blood_chalice_of_bathori	wh_main_effect_character_stat_ward_save	1	character_to_character_own	5.0000
nag_skill_unique_isabella_blood_chalice_of_bathori	wh_main_effect_character_wound_recovery_time_mod	1	faction_to_character_own	-1.0000
nag_skill_unique_isabella_blood_chalice_of_bathori	wh_main_effect_force_all_campaign_replenishment_rate	1	general_to_force_own	5.0000
nag_skill_unique_isabella_blood_chalice_of_bathori	wh_pro02_effect_ability_enable_blood_chalice_of_bathori	1	character_to_character_own	1.0000
nag_skill_mount_isabella_barded_nightmare	wh_main_effect_agent_action_success_chance_enemy_skill	1	character_to_character_own	-1.0000
nag_skill_mount_isabella_barded_nightmare	wh_main_effect_agent_action_success_chance_skill	1	character_to_character_own	1.0000
nag_skill_mount_isabella_barded_nightmare	wh_main_effect_enable_mount_barded_nightmare	1	character_to_character_own	1.0000
nag_skill_mount_isabella_hellsteed	wh_main_effect_agent_action_success_chance_enemy_skill	1	character_to_character_own	-1.0000
nag_skill_mount_isabella_hellsteed	wh_main_effect_agent_action_success_chance_skill	1	character_to_character_own	1.0000
nag_skill_mount_isabella_hellsteed	wh_main_effect_enable_mount_hellsteed	1	character_to_character_own	1.0000
nag_skill_mount_arkhan_abyssal	wh_main_effect_agent_action_success_chance_enemy_skill	1	character_to_character_own	-1.0000
nag_skill_mount_arkhan_abyssal	wh_main_effect_agent_action_success_chance_skill	1	character_to_character_own	1.0000
nag_skill_mount_arkhan_abyssal	nag_effect_enable_mount_arkhan_abyssal	1	character_to_character_own	1.0000
nag_skill_mount_mannfred_abyssal	wh_main_effect_agent_action_success_chance_enemy_skill	1	character_to_character_own	-1.0000
nag_skill_mount_mannfred_abyssal	wh_main_effect_agent_action_success_chance_skill	1	character_to_character_own	1.0000
nag_skill_mount_mannfred_abyssal	nag_effect_enable_mount_mannfred_abyssal	1	character_to_character_own	1.0000
nag_skill_mount_neferata_abyssal	wh_main_effect_agent_action_success_chance_enemy_skill	1	character_to_character_own	-1.0000
nag_skill_mount_neferata_abyssal	wh_main_effect_agent_action_success_chance_skill	1	character_to_character_own	1.0000
nag_skill_mount_neferata_abyssal	nag_effect_enable_mount_neferata_abyssal	1	character_to_character_own	1.0000
nag_skill_mount_arkhan_skeletal_steed	wh_main_effect_agent_action_success_chance_enemy_skill	1	character_to_character_own	-1.0000
nag_skill_mount_arkhan_skeletal_steed	wh_main_effect_agent_action_success_chance_skill	1	character_to_character_own	1.0000
nag_skill_mount_arkhan_skeletal_steed	wh_main_effect_enable_mount_skeletal_steed	1	character_to_character_own	1.0000
nag_skill_mount_arkhan_skeleton_chariot	wh_main_effect_agent_action_success_chance_enemy_skill	1	character_to_character_own	-1.0000
nag_skill_mount_arkhan_skeleton_chariot	wh_main_effect_agent_action_success_chance_skill	1	character_to_character_own	1.0000
nag_skill_mount_arkhan_skeleton_chariot	wh2_dlc09_effect_enable_mount_tmb_skeleton_chariot	1	character_to_character_own	1.0000
nag_skill_mount_neferata_warhorse	wh_main_effect_agent_action_success_chance_enemy_skill	1	character_to_character_own	-1.0000
nag_skill_mount_neferata_warhorse	wh_main_effect_agent_action_success_chance_skill	1	character_to_character_own	1.0000
nag_skill_mount_neferata_warhorse	wh_main_effect_enable_mount_barded_nightmare	1	character_to_character_own	1.0000
nag_skill_mount_mannfred_barded_nightmare	wh_main_effect_agent_action_success_chance_enemy_skill	1	character_to_character_own	-1.0000
nag_skill_mount_mannfred_barded_nightmare	wh_main_effect_agent_action_success_chance_skill	1	character_to_character_own	1.0000
nag_skill_mount_mannfred_barded_nightmare	wh_main_effect_enable_mount_barded_nightmare	1	character_to_character_own	1.0000
nag_skill_mount_luthor_harkon_terrorgheist	wh_main_effect_agent_action_success_chance_enemy_skill	1	character_to_character_own	-1.0000
nag_skill_mount_luthor_harkon_terrorgheist	wh_main_effect_agent_action_success_chance_skill	1	character_to_character_own	1.0000
nag_skill_mount_luthor_harkon_terrorgheist	wh2_dlc11_enable_mount_death_shriek_terrorgheist	1	character_to_character_own	1.0000
nag_skill_supreme_innate_nagash	wh2_dlc09_effect_ability_enable_curse	1	character_to_character_own	1.0000
nag_skill_supreme_innate_nagash	wh_main_effect_character_stat_miscast	1	character_to_character_own	-25.0000
nag_skill_supreme_innate_nagash	nag_effect_morghast_archai_ward_save	1	character_to_force_own	15.0000
nag_skill_supreme_innate_nagash	nag_effect_agent_cap_increase_archai	1	character_to_faction_unseen	1.0000
nag_skill_supreme_innate_nagash	wh_main_faction_political_diplomacy_mod	1	faction_to_faction_own_unseen	-30.0000
nag_skill_husk_innate_nagash	wh2_dlc09_effect_ability_enable_curse	1	character_to_character_own	1.0000
nag_skill_husk_innate_nagash	wh_main_effect_character_stat_miscast	1	character_to_character_own	-25.0000
nag_skill_husk_innate_nagash	nag_effect_unit_cap_bone_golems	1	character_to_faction_unseen	2.0000
nag_skill_husk_innate_nagash	nag_effect_horde_growth	1	character_to_force_own	5.0000
nag_skill_mortarch_innate_arkhan	nag_effect_self_arkhan_enable_mortarch_of_sacrements_summon	1	character_to_character_own	1.0000
nag_skill_mortarch_innate_arkhan	wh2_dlc09_effect_agent_action_cost_mod_tmb_liche_priest	1	character_to_faction	-25.0000
nag_skill_mortarch_innate_arkhan	nag_effect_self_arkhan_stat_enable_flaming_attacks_vs_tmb	1	general_to_force_own	1.0000
nag_skill_mortarch_innate_arkhan	nag_effect_self_arkhan_chariot_speed	1	character_to_force_own	20.0000
nag_skill_mortarch_innate_arkhan	wh_main_effect_force_all_campaign_upkeep	1	general_to_force_own	-10.0000
nag_skill_mortarch_innate_vlad	nag_effect_self_vlad_enable_mortarch_of_shadows_aura	1	character_to_character_own	1.0000
nag_skill_mortarch_innate_vlad	wh2_main_effect_attribute_enable_causes_fear_vs_human	1	character_to_general_own_factionwide	1.0000
nag_skill_mortarch_innate_vlad	nag_effect_self_vlad_to_isabella_buff	1	general_to_force_own	12.0000
nag_skill_mortarch_innate_mannfred	nag_effect_enable_bound_spell_nagash_breath_of_darkness	1	character_to_character_own	1.0000
nag_skill_mortarch_innate_mannfred	nag_effect_double_spell_range_mortarch_of_night_dummy	1	character_to_character_own	100.0000
nag_skill_mortarch_innate_mannfred	wh_main_effect_ability_enable_arcane_conduit	1	character_to_character_own	1.0000
nag_skill_mortarch_innate_mannfred	wh3_main_effect_winds_of_magic_pool_cap	1	character_to_force_own_factionwide	5.0000
nag_skill_mortarch_innate_luthor	nag_effect_enable_bound_spell_deep_krakens_pull	1	character_to_character_own	1.0000
nag_skill_mortarch_innate_luthor	wh2_twa03_attrition_immunity_high_seas_reef_storm	1	character_to_force_own_factionwide	1.0000
nag_skill_mortarch_innate_luthor	wh_main_effect_character_stat_melee_attack	1	general_to_force_own	8.0000
nag_skill_mortarch_innate_luthor	nag_effect_agent_cap_increase_gunnery_wight	1	character_to_faction_unseen	1.0000
nag_skill_mortarch_innate_neferata	nag_effect_self_neferata_enable_ability_mortarch_of_blood	1	character_to_character_own	1.0000
nag_skill_mortarch_innate_neferata	wh_main_effect_agent_action_success_chance	1	character_to_character_own_factionwide	5.0000
nag_skill_mortarch_innate_neferata	wh2_dlc14_effect_diplomacy_vmp_cst_tmb	1	character_to_faction	80.0000
nag_skill_mortarch_innate_neferata	nag_effect_agent_cap_increase_vampire	1	character_to_faction_unseen	2.0000
nag_skill_mortarch_innate_krell	nag_effect_self_enable_ability_mortarch_of_despair	1	character_to_character_own	1.0000
nag_skill_mortarch_innate_krell	wh_main_effect_force_stat_leadership_enemy_unit	1	general_to_force_enemy_regionwide	-8.0000
nag_skill_mortarch_innate_krell	wh_main_effect_agent_action_success_chance_enemy	1	character_to_general_own_factionwide	-10.0000
nag_skill_mortarch_innate_krell	wh_main_effect_character_stat_missile_resistance	1	character_to_character_own	10.0000
nag_skill_mortarch_innate_isabella	wh3_main_effect_battle_heal_cap_isabella_to_vlad	1	character_to_force_own_unseen	50.0000
nag_skill_mortarch_innate_isabella	nag_effect_self_isabella_to_vlad_buff	1	character_to_force_own	12.0000
nag_skill_mortarch_innate_isabella	nag_effect_name_epithet_isabella_von_carstein	1	character_to_character_own	1.0000
nag_skill_traitor_kings_innate_first_book	nag_effect_enable_bound_spell_nagash_dark_riders	1	character_to_character_own	1.0000
nag_skill_traitor_kings_innate_first_book	nag_effect_melee_attack_traitor_steed	1	character_to_character_own	8.0000
nag_skill_traitor_kings_innate_first_book	nag_effect_melee_defence_traitor_steed	1	character_to_character_own	8.0000
nag_skill_traitor_kings_innate_first_book	nag_effect_unit_xp_levels_all_horsemen_serpent_cavalry	1	character_to_force_own	1.0000
nag_skill_traitor_kings_innate_second_book	nag_effect_enable_bound_spell_nagash_hand_of_dust	1	character_to_character_own	1.0000
nag_skill_traitor_kings_innate_second_book	wh2_dlc09_effect_force_stat_melee_attack_scorpions	1	general_to_force_own	5.0000
nag_skill_traitor_kings_innate_second_book	wh2_dlc09_effect_force_stat_melee_defence_tmb_scorpions	1	general_to_force_own	5.0000
nag_skill_traitor_kings_innate_second_book	wh_main_effect_agent_action_success_chance	1	character_to_character_provincewide	5.0000
nag_skill_traitor_kings_innate_third_book	nag_effect_enable_bound_spell_nagash_breath_of_darkness	1	character_to_character_own	1.0000
nag_skill_traitor_kings_innate_third_book	wh_main_effect_character_stat_aura_leadership_effect	1	character_to_character_own	3.0000
nag_skill_traitor_kings_innate_third_book	wh_main_effect_character_stat_leadership_aura_size	1	character_to_character_own	25.0000
nag_skill_traitor_kings_innate_fouth_book	nag_effect_enable_bound_spell_nagash_abyssal_swarm	1	character_to_character_own	1.0000
nag_skill_traitor_kings_innate_fouth_book	nag_effect_melee_attack_traitor_foot	1	character_to_character_own	8.0000
nag_skill_traitor_kings_innate_fouth_book	nag_effect_melee_defence_traitor_foot	1	character_to_character_own	8.0000
nag_skill_traitor_kings_innate_fouth_book	nag_effect_unit_xp_levels_all_skeleton	1	character_to_force_own	1.0000
nag_skill_traitor_kings_innate_fifth_book	nag_effect_enable_bound_spell_nagash_soul_stealer	1	character_to_character_own	1.0000
nag_skill_traitor_kings_innate_fifth_book	wh_main_effect_character_stat_physical_resistance	1	character_to_character_own	5.0000
nag_skill_traitor_kings_innate_fifth_book	wh3_main_effect_winds_of_magic_pool_cap	1	character_to_character_own	6.0000
nag_skill_traitor_kings_innate_fifth_book	wh_main_effect_ability_enable_arcane_conduit	1	character_to_character_own	1.0000
nag_skill_traitor_kings_innate_sixth_book	nag_effect_enable_bound_spell_death_purple_sun	1	character_to_character_own	1.0000
nag_skill_traitor_kings_innate_sixth_book	wh_main_effect_force_stat_leadership_enemy_unit	1	character_to_force_enemy_provincewide	-4.0000
nag_skill_traitor_kings_innate_sixth_book	wh_main_effect_attribute_enable_causes_terror	1	character_to_character_own	1.0000
nag_skill_traitor_kings_innate_seventh_book	nag_effect_enable_bound_spell_light_banishment	1	character_to_character_own	1.0000
nag_skill_traitor_kings_innate_seventh_book	wh2_main_effect_character_stat_enable_flaming_attacks	1	character_to_character_own	1.0000
nag_skill_traitor_kings_innate_seventh_book	wh2_dlc13_effect_morale_versus_vmp_cst_tmb	1	character_to_character_own	10.0000
nag_skill_traitor_kings_innate_seventh_book	nag_effect_force_unit_stat_melee_attack_vs_undead	1	character_to_force_own	8.0000
nag_skill_traitor_kings_innate_eighth_book	nag_effect_enable_bound_spell_vamp_wind_of_death	1	character_to_character_own	1.0000
nag_skill_traitor_kings_innate_eighth_book	wh3_main_effect_winds_of_magic_character	1	character_to_force_own_unseen	10.0000
nag_skill_traitor_kings_innate_eighth_book	nag_effect_physical_resistance_ghouls_zombies	1	character_to_force_own	10.0000
nag_skill_traitor_kings_innate_eighth_book	wh3_main_effect_corruption_vampiric_characters	1	character_to_character_own_provincetext	3.0000
nag_skill_traitor_kings_innate_ninth_book	nag_effect_enable_bound_spell_nehek_skullstorm	1	character_to_character_own	1.0000
nag_skill_traitor_kings_innate_ninth_book	wh_main_effect_character_mod_ancillary_drop	1	character_to_character_own	3.0000
nag_skill_traitor_kings_innate_ninth_book	wh_main_effect_character_mod_ancillary_steal	1	character_to_character_own	20.0000
nag_skill_traitor_kings_innate_ninth_book	wh_main_effect_force_all_campaign_post_battle_loot_mod	1	character_to_character_own	10.0000
nag_skill_all_dummy_agent_actions_liche_priest	wh_main_effect_agent_action_success_chance_skill	0	character_to_character_own	0.0000
nag_skill_all_dummy_agent_actions_liche_priest	wh2_dlc11_effect_agent_action_enable_wizard_hinder_settlement_treasure_hunt	1	character_to_character_own	1.0000
nag_skill_all_dummy_agent_actions_liche_priest	wh2_main_effect_agent_action_enable_wizard_hinder_settlement_scout_settlement	1	character_to_character_own	1.0000
nag_skill_all_dummy_agent_actions_liche_priest	wh2_main_effect_agent_action_enable_wizard_assist_army_replenish_troops	1	character_to_character_own	1.0000
nag_skill_all_dummy_agent_actions_liche_priest	wh2_main_effect_agent_action_enable_wizard_hinder_agent_wound	1	character_to_character_own	1.0000
nag_skill_all_dummy_agent_actions_liche_priest	wh2_main_effect_agent_action_enable_wizard_hinder_army_hinder_replenishment	1	character_to_character_own	1.0000
nag_skill_all_dummy_agent_actions_liche_priest	wh2_main_effect_agent_action_enable_wizard_hinder_settlement_damage_building	1	character_to_character_own	1.0000
nag_skill_all_dummy_agent_actions_liche_priest	nag_effect_agent_action_enable_wizard_passive_spread_corruption_vmp	1	character_to_character_own	1.0000
nag_skill_all_dummy_agent_actions_liche_priest	wh2_main_effect_agent_action_enable_wizard_passive_spread_corruption	1	character_to_character_own	2.0000
nag_skill_all_dummy_agent_actions_archai	wh2_main_effect_agent_action_enable_spy_assist_army_enhance_mobility	1	character_to_character_own	1.0000
nag_skill_all_dummy_agent_actions_archai	wh2_main_effect_agent_action_enable_spy_passive_spread_corruption	1	character_to_character_own	1.0000
nag_skill_all_dummy_agent_actions_archai	wh2_main_effect_agent_action_enable_spy_hinder_settlement_damage_walls	1	character_to_character_own	1.0000
nag_skill_all_dummy_agent_actions_archai	wh2_main_effect_agent_action_enable_spy_hinder_agent_assassinate	1	character_to_character_own	1.0000
nag_skill_all_dummy_agent_actions_archai	wh2_main_effect_agent_action_enable_spy_hinder_army_assault_units	1	character_to_character_own	1.0000
nag_skill_all_dummy_agent_actions_archai	wh2_main_effect_agent_action_enable_dignitary_hinder_settlement_scout_settlement	1	character_to_character_own	1.0000
nag_skill_archai_heralds_of_the_accursed_one	nag_effect_enable_heralds_of_the_accursed_one	1	character_to_character_own	1.0000
nag_skill_archai_heralds_of_the_accursed_one	wh_main_effect_character_stat_unit_health	1	character_to_character_own	15.0000
nag_skill_archai_ebon_wrought_armour	wh_main_effect_character_stat_magic_resistance	1	character_to_character_own	20.0000
nag_skill_archai_ebon_wrought_armour	wh_main_effect_character_stat_physical_resistance	1	character_to_character_own	10.0000
nag_skill_archai_ebon_wrought_armour	wh_main_effect_character_stat_armour	1	character_to_character_own	32.0000
nag_skill_archai_undying_servitude	wh_main_effect_agent_action_success_chance	1	character_to_character_own	25.0000
nag_skill_archai_undying_servitude	wh2_main_effect_grant_immortality_hero	1	character_to_character_own	1.0000
nag_skill_archai_gift_of_oblivion	wh_main_effect_ability_enable_undeath_resurgent	1	character_to_character_own	1.0000
nag_skill_archai_gift_of_oblivion	wh_main_effect_character_stat_melee_attack	1	character_to_character_own	8.0000
nag_skill_archai_gift_of_oblivion	wh_main_effect_character_stat_weapon_strength	1	character_to_character_own	24.0000
nag_skill_archai_gift_of_oblivion	wh_main_effect_character_stat_speed	1	character_to_character_own	15.0000
nag_lord_unique_tomb_king_skeletal_steed	wh_main_effect_agent_action_success_chance_enemy_skill	1	character_to_character_own	-1.0000
nag_lord_unique_tomb_king_skeletal_steed	wh_main_effect_agent_action_success_chance_skill	1	character_to_character_own	1.0000
nag_lord_unique_tomb_king_skeletal_steed	wh_main_effect_enable_mount_skeletal_steed	1	character_to_character_own	1.0000
nag_lord_unique_tomb_king_skeleton_chariot	wh2_dlc09_effect_enable_mount_tmb_skeleton_chariot	1	character_to_character_own	1.0000
nag_lord_unique_tomb_king_skeleton_chariot	wh_main_effect_agent_action_success_chance_enemy_skill	1	character_to_character_own	-1.0000
nag_lord_unique_tomb_king_skeleton_chariot	wh_main_effect_agent_action_success_chance_skill	1	character_to_character_own	1.0000
nag_lord_unique_tomb_king_khemrian_warsphinx	wh2_dlc09_effect_enable_mount_tmb_khemrian_warsphinx	1	character_to_character_own	1.0000
nag_lord_unique_tomb_king_khemrian_warsphinx	wh_main_effect_agent_action_success_chance_enemy_skill	1	character_to_character_own	-1.0000
nag_lord_unique_tomb_king_khemrian_warsphinx	wh_main_effect_agent_action_success_chance_skill	1	character_to_character_own	1.0000
nag_champion_unique_tomb_prince_skeletal_steed	wh_main_effect_agent_action_success_chance_enemy_skill	1	character_to_character_own	-1.0000
nag_champion_unique_tomb_prince_skeletal_steed	wh_main_effect_agent_action_success_chance_skill	1	character_to_character_own	1.0000
nag_champion_unique_tomb_prince_skeletal_steed	wh_main_effect_enable_mount_skeletal_steed	1	character_to_character_own	1.0000
nag_champion_unique_tomb_prince_skeleton_chariot	wh2_dlc09_effect_enable_mount_tmb_skeleton_chariot	1	character_to_character_own	1.0000
nag_champion_unique_tomb_prince_skeleton_chariot	wh_main_effect_agent_action_success_chance_enemy_skill	1	character_to_character_own	-1.0000
nag_champion_unique_tomb_prince_skeleton_chariot	wh_main_effect_agent_action_success_chance_skill	1	character_to_character_own	1.0000
nag_wizard_unique_liche_priest_death_skeletal_steed	wh_main_effect_agent_action_success_chance_enemy_skill	1	character_to_character_own	-1.0000
nag_wizard_unique_liche_priest_death_skeletal_steed	wh_main_effect_agent_action_success_chance_skill	1	character_to_character_own	1.0000
nag_wizard_unique_liche_priest_death_skeletal_steed	wh_main_effect_enable_mount_skeletal_steed	1	character_to_character_own	1.0000
nag_wizard_unique_liche_priest_light_skeletal_steed	wh_main_effect_agent_action_success_chance_enemy_skill	1	character_to_character_own	-1.0000
nag_wizard_unique_liche_priest_light_skeletal_steed	wh_main_effect_agent_action_success_chance_skill	1	character_to_character_own	1.0000
nag_wizard_unique_liche_priest_light_skeletal_steed	wh_main_effect_enable_mount_skeletal_steed	1	character_to_character_own	1.0000
nag_wizard_unique_liche_priest_nehekhara_skeletal_steed	wh_main_effect_agent_action_success_chance_enemy_skill	1	character_to_character_own	-1.0000
nag_wizard_unique_liche_priest_nehekhara_skeletal_steed	wh_main_effect_agent_action_success_chance_skill	1	character_to_character_own	1.0000
nag_wizard_unique_liche_priest_nehekhara_skeletal_steed	wh_main_effect_enable_mount_skeletal_steed	1	character_to_character_own	1.0000
nag_wizard_unique_liche_priest_shadow_skeletal_steed	wh_main_effect_agent_action_success_chance_enemy_skill	1	character_to_character_own	-1.0000
nag_wizard_unique_liche_priest_shadow_skeletal_steed	wh_main_effect_agent_action_success_chance_skill	1	character_to_character_own	1.0000
nag_wizard_unique_liche_priest_shadow_skeletal_steed	wh_main_effect_enable_mount_skeletal_steed	1	character_to_character_own	1.0000
nag_wizard_unique_liche_priest_undeath_skeletal_steed	wh_main_effect_agent_action_success_chance_enemy_skill	1	character_to_character_own	-1.0000
nag_wizard_unique_liche_priest_undeath_skeletal_steed	wh_main_effect_agent_action_success_chance_skill	1	character_to_character_own	1.0000
nag_wizard_unique_liche_priest_undeath_skeletal_steed	wh_main_effect_enable_mount_skeletal_steed	1	character_to_character_own	1.0000
nag_dignitary_shadow_unique_vampire_barded_nightmare	wh_main_effect_enable_mount_barded_nightmare	1	character_to_character_own	0.0000
nag_dignitary_shadow_unique_vampire_barded_nightmare	wh_main_effect_agent_action_success_chance_enemy_skill	1	character_to_character_own	-1.0000
nag_dignitary_shadow_unique_vampire_barded_nightmare	wh_main_effect_agent_action_success_chance_skill	1	character_to_character_own	1.0000
nag_dignitary_shadow_unique_vampire_hellsteed	wh_main_effect_enable_mount_hellsteed	1	character_to_character_own	1.0000
nag_dignitary_shadow_unique_vampire_hellsteed	wh_main_effect_agent_action_success_chance_enemy_skill	1	character_to_character_own	-1.0000
nag_dignitary_shadow_unique_vampire_hellsteed	wh_main_effect_agent_action_success_chance_skill	1	character_to_character_own	1.0000
nag_dignitary_unique_vampire_barded_nightmare	wh_main_effect_enable_mount_barded_nightmare	1	character_to_character_own	1.0000
nag_dignitary_unique_vampire_barded_nightmare	wh_main_effect_agent_action_success_chance_enemy_skill	1	character_to_character_own	-1.0000
nag_dignitary_unique_vampire_barded_nightmare	wh_main_effect_agent_action_success_chance_skill	1	character_to_character_own	1.0000
nag_dignitary_unique_vampire_hellsteed	wh_main_effect_enable_mount_hellsteed	1	character_to_character_own	1.0000
nag_dignitary_unique_vampire_hellsteed	wh_main_effect_agent_action_success_chance_enemy_skill	1	character_to_character_own	-1.0000
nag_dignitary_unique_vampire_hellsteed	wh_main_effect_agent_action_success_chance_skill	1	character_to_character_own	1.0000
nag_vmp_champion_unique_wight_king_skeletal_steed	wh_main_effect_enable_mount_skeletal_steed	1	character_to_character_own	1.0000
nag_vmp_champion_unique_wight_king_skeletal_steed	wh_main_effect_agent_action_success_chance_enemy_skill	1	character_to_character_own	-1.0000
nag_vmp_champion_unique_wight_king_skeletal_steed	wh_main_effect_agent_action_success_chance_skill	1	character_to_character_own	1.0000
nag_vmp_champion_unique_wight_king_barded_skeletal_steed	wh_main_effect_enable_mount_barded_skeletal_steed	1	character_to_character_own	1.0000
nag_vmp_champion_unique_wight_king_barded_skeletal_steed	wh_main_effect_agent_action_success_chance_enemy_skill	1	character_to_character_own	-1.0000
nag_vmp_champion_unique_wight_king_barded_skeletal_steed	wh_main_effect_agent_action_success_chance_skill	1	character_to_character_own	1.0000
nag_cst_engineer_unique_gunnery_wight_rotting_pro	wh2_dlc11_enable_mount_rotting_promethean	1	character_to_character_own	1.0000
nag_cst_engineer_unique_gunnery_wight_rotting_pro	wh_main_effect_agent_action_success_chance_enemy_skill	1	character_to_character_own	-1.0000
nag_cst_engineer_unique_gunnery_wight_rotting_pro	wh_main_effect_agent_action_success_chance_skill	1	character_to_character_own	1.0000
nag_skill_personal_neferata_guardian	nag_effect_enable_ability_guardian_ghouls_blood_knights	1	general_to_force_own	1.0000
nag_skill_personal_neferata_guardian	wh_main_effect_agent_action_success_chance_enemy_skill	1	character_to_character_own	-1.0000
nag_skill_personal_neferata_guardian	wh_main_effect_agent_action_success_chance_skill	1	character_to_character_own	1.0000
nag_skill_husk_innate_nagash	wh2_dlc11_enable_immortal_hidden	1	character_to_character_own	1.0000
nag_skill_mortarch_innate_arkhan	wh2_dlc11_enable_immortal_hidden	1	character_to_character_own	1.0000
nag_skill_mortarch_innate_isabella	wh2_dlc11_enable_immortal_hidden	1	character_to_character_own	1.0000
nag_skill_mortarch_innate_krell	wh2_dlc11_enable_immortal_hidden	1	character_to_character_own	1.0000
nag_skill_mortarch_innate_luthor	wh2_dlc11_enable_immortal_hidden	1	character_to_character_own	1.0000
nag_skill_mortarch_innate_mannfred	wh2_dlc11_enable_immortal_hidden	1	character_to_character_own	1.0000
nag_skill_mortarch_innate_neferata	wh2_dlc11_enable_immortal_hidden	1	character_to_character_own	1.0000
nag_skill_mortarch_innate_vlad	wh2_dlc11_enable_immortal_hidden	1	character_to_character_own	1.0000
nag_skill_supreme_innate_nagash	wh2_dlc11_enable_immortal_hidden	1	character_to_character_own	1.0000
nag_skill_supreme_innate_nagash	nag_ability_enable_blyramid_itself	1	army_to_army_own_unseen	1.0000
nag_skill_hidden_king_title	wh2_dlc09_effect_ability_enable_curse	1	character_to_character_own	1.0000
nag_skill_hidden_king_title	nag_title_king	1	character_to_character_own	1.0000
nag_skill_hidden_prince_title	nag_title_prince	1	character_to_character_own	1.0000
nag_skill_tomb_king_elixir_of_immortality_lord	wh2_main_effect_grant_immortality_hero	1	character_to_character_own	1.0000
nag_skill_tomb_king_elixir_of_immortality_lord	wh_main_effect_character_stat_physical_resistance	1	character_to_character_own	5.0000
nag_skill_tomb_king_elixir_of_immortality_lord	wh_main_effect_agent_action_success_chance_enemy_skill	1	character_to_character_own	-1.0000
nag_skill_tomb_king_elixir_of_immortality_lord	wh_main_effect_agent_action_success_chance_skill	1	character_to_character_own	1.0000
