building	effect	context_requirement	effect_scope	value	value_damaged	value_ruined
#building_effects_junction_tables;0;db/building_effects_junction_tables/jvj_nagash_buildings_horde						
nag_bpyramid_main_1	nag_effect_horde_growth		force_to_force_own	5.0000	5.0000	0.0000
nag_bpyramid_main_1	wh_main_effect_force_all_recruitment_points		force_to_force_own	4.0000	2.0000	0.0000
nag_bpyramid_main_1	wh3_main_effect_corruption_vampiric_buildings		force_to_character_own_provincetext	2.0000	1.0000	0.0000
nag_bpyramid_main_1	wh_main_effect_economy_gdp_culture		force_to_force_building	200.0000	200.0000	0.0000
nag_bpyramid_main_2	nag_effect_horde_growth		force_to_force_own	7.0000	7.0000	0.0000
nag_bpyramid_main_2	wh3_main_effect_winds_of_magic_pool_min		force_to_force_own	5.0000	5.0000	0.0000
nag_bpyramid_main_2	wh_main_effect_force_all_recruitment_points		force_to_force_own	5.0000	2.0000	0.0000
nag_bpyramid_main_2	wh3_main_effect_corruption_vampiric_buildings		force_to_character_own_provincetext	3.0000	1.0000	0.0000
nag_bpyramid_main_2	wh_main_effect_economy_gdp_culture		force_to_force_building	400.0000	400.0000	0.0000
nag_bpyramid_main_3	nag_effect_horde_growth		force_to_force_own	9.0000	9.0000	0.0000
nag_bpyramid_main_3	wh3_main_effect_winds_of_magic_pool_min		force_to_force_own	10.0000	10.0000	0.0000
nag_bpyramid_main_3	wh_main_effect_force_all_recruitment_points		force_to_force_own	6.0000	3.0000	0.0000
nag_bpyramid_main_3	wh3_main_effect_corruption_vampiric_buildings		force_to_character_own_provincetext	4.0000	1.0000	0.0000
nag_bpyramid_main_3	nag_effect_unit_cap_bone_giant_0		faction_to_faction_own_unseen	2.0000	2.0000	0.0000
nag_bpyramid_main_3	nag_effect_unit_cap_nagashi_guard		faction_to_faction_own_unseen	2.0000	2.0000	0.0000
nag_bpyramid_main_3	nag_effect_unit_cap_nagashi_guard_halb		faction_to_faction_own_unseen	2.0000	2.0000	0.0000
nag_bpyramid_main_3	wh_main_effect_economy_gdp_culture		force_to_force_building	600.0000	600.0000	0.0000
nag_bpyramid_main_3	wh2_dlc09_effect_increase_army_capacity		building_to_faction_own	1.0000	0.0000	0.0000
nag_bpyramid_main_3	nag_effect_grand_spell_01_recharge		faction_to_faction_own_unseen	4.0000	1.0000	0.0000
nag_bpyramid_main_4	nag_effect_horde_growth		force_to_force_own	11.0000	11.0000	0.0000
nag_bpyramid_main_4	wh3_main_effect_winds_of_magic_pool_min		force_to_force_own	15.0000	15.0000	0.0000
nag_bpyramid_main_4	wh3_main_effect_winds_of_magic_enemy_character		force_to_character_own_provincetext	-10.0000	-10.0000	0.0000
nag_bpyramid_main_4	wh_main_effect_force_all_recruitment_points		force_to_force_own	7.0000	3.0000	0.0000
nag_bpyramid_main_4	wh3_main_effect_corruption_vampiric_buildings		force_to_character_own_provincetext	5.0000	1.0000	0.0000
nag_bpyramid_main_4	nag_effect_unit_cap_bone_giant_0		faction_to_faction_own_unseen	2.0000	2.0000	0.0000
nag_bpyramid_main_4	nag_effect_unit_cap_nagashi_guard		faction_to_faction_own_unseen	4.0000	4.0000	0.0000
nag_bpyramid_main_4	nag_effect_unit_cap_nagashi_guard_halb		faction_to_faction_own_unseen	4.0000	4.0000	0.0000
nag_bpyramid_main_4	nag_effect_unit_cap_bone_golems		faction_to_faction_own_unseen	4.0000	4.0000	0.0000
nag_bpyramid_main_4	nag_effect_unit_cap_mortis_engine		faction_to_faction_own_unseen	1.0000	1.0000	0.0000
nag_bpyramid_main_4	nag_effect_unit_cap_warp_ghouls		faction_to_faction_own_unseen	2.0000	2.0000	0.0000
nag_bpyramid_main_4	wh_main_effect_economy_gdp_culture		force_to_force_building	800.0000	800.0000	0.0000
nag_bpyramid_main_4	wh2_dlc09_effect_increase_army_capacity		building_to_faction_own	2.0000	0.0000	0.0000
nag_bpyramid_main_4	nag_effect_grand_spell_01_recharge		faction_to_faction_own_unseen	4.0000	1.0000	0.0000
nag_bpyramid_main_4	wh3_main_effect_foreign_slot_max_winds_of_magic		force_to_character_own_provincetext	1.0000	1.0000	0.0000
nag_bpyramid_main_5	nag_effect_horde_growth		force_to_force_own	13.0000	13.0000	0.0000
nag_bpyramid_main_5	wh3_main_effect_winds_of_magic_pool_min		force_to_force_own	20.0000	20.0000	0.0000
nag_bpyramid_main_5	wh3_main_effect_winds_of_magic_enemy_character		force_to_character_own_provincetext	-15.0000	-15.0000	0.0000
nag_bpyramid_main_5	wh_main_effect_force_all_recruitment_points		force_to_force_own	8.0000	4.0000	0.0000
nag_bpyramid_main_5	wh3_main_effect_corruption_vampiric_buildings		force_to_character_own_provincetext	6.0000	1.0000	0.0000
nag_bpyramid_main_5	nag_effect_unit_cap_bone_giant_0		faction_to_faction_own_unseen	4.0000	4.0000	0.0000
nag_bpyramid_main_5	wh_main_effect_economy_gdp_culture		force_to_force_building	1000.0000	1000.0000	0.0000
nag_bpyramid_main_5	wh2_dlc09_effect_increase_army_capacity		building_to_faction_own	3.0000	0.0000	0.0000
nag_bpyramid_main_5	nag_effect_unit_cap_nagashi_guard		faction_to_faction_own_unseen	6.0000	6.0000	0.0000
nag_bpyramid_main_5	nag_effect_unit_cap_nagashi_guard_halb		faction_to_faction_own_unseen	6.0000	6.0000	0.0000
nag_bpyramid_main_5	nag_effect_unit_cap_bone_golems		faction_to_faction_own_unseen	6.0000	6.0000	0.0000
nag_bpyramid_main_5	nag_effect_unit_cap_mortis_engine		faction_to_faction_own_unseen	2.0000	2.0000	0.0000
nag_bpyramid_main_5	nag_effect_unit_cap_warp_ghouls		faction_to_faction_own_unseen	4.0000	4.0000	0.0000
nag_bpyramid_main_5	nag_effect_unit_cap_morghasts		faction_to_faction_own_unseen	3.0000	3.0000	0.0000
nag_bpyramid_main_5	nag_effect_agent_enable_recruitment_archai		force_to_force_own	1.0000	1.0000	0.0000
nag_bpyramid_main_5	nag_effect_agent_cap_increase_archai		faction_to_faction_own_unseen	1.0000	1.0000	0.0000
nag_bpyramid_main_5	nag_effect_grand_spell_01_recharge		faction_to_faction_own_unseen	4.0000	1.0000	0.0000
nag_bpyramid_main_5	nag_effect_grand_spell_03_recharge		faction_to_faction_own_unseen	2.0000	1.0000	0.0000
nag_bpyramid_main_5	wh3_main_effect_foreign_slot_max_winds_of_magic		force_to_character_own_provincetext	1.0000	1.0000	0.0000
nag_bpyramid_main_obelisk_1	nag_effect_landmark_nagash_buff_ethereal_magic_res		force_to_force_own_lords_army	10.0000	10.0000	0.0000
nag_bpyramid_main_obelisk_1	nag_effect_landmark_nagash_enemy_undead_hex		force_to_character_own_provincetext	-6.0000	-6.0000	0.0000
nag_bpyramid_main_obelisk_1	nag_effect_landmark_nagash_character_wom_reserves		force_to_force_own	15.0000	15.0000	0.0000
nag_bpyramid_main_obelisk_1	nag_effect_landmark_nagash_buff_golems_defence		force_to_force_own_lords_army	4.0000	4.0000	0.0000
nag_bpyramid_main_obelisk_2	nag_effect_landmark_nagash_buff_ethereal_magic_res		force_to_force_own_lords_army	20.0000	20.0000	0.0000
nag_bpyramid_main_obelisk_2	nag_effect_landmark_nagash_enemy_undead_hex		force_to_character_own_provincetext	-8.0000	-8.0000	0.0000
nag_bpyramid_main_obelisk_2	nag_effect_landmark_nagash_character_wom_reserves		force_to_force_own	25.0000	25.0000	0.0000
nag_bpyramid_main_obelisk_2	nag_effect_landmark_nagash_buff_golems_defence		force_to_force_own_lords_army	8.0000	8.0000	0.0000
nag_bpyramid_main_obelisk_3	nag_effect_landmark_nagash_buff_ethereal_magic_res		force_to_force_own_lords_army	30.0000	30.0000	0.0000
nag_bpyramid_main_obelisk_3	nag_effect_landmark_nagash_enemy_undead_hex		force_to_character_own_provincetext	-10.0000	-10.0000	0.0000
nag_bpyramid_main_obelisk_3	nag_effect_landmark_nagash_character_wom_reserves		force_to_force_own	35.0000	35.0000	0.0000
nag_bpyramid_main_obelisk_3	nag_effect_landmark_nagash_buff_golems_defence		force_to_force_own_lords_army	12.0000	12.0000	0.0000
nag_bpyramid_main_obelisk_3	nag_effect_agent_enable_recruitment_wizard_tmb		force_to_force_own	1.0000	1.0000	0.0000
nag_bpyramid_main_obelisk_3	nag_effect_agent_cap_increase_liche_priest		faction_to_faction_own_unseen	1.0000	1.0000	0.0000
nag_bpyramid_main_obelisk_4	nag_effect_landmark_nagash_buff_ethereal_magic_res		force_to_force_own_lords_army	30.0000	30.0000	0.0000
nag_bpyramid_main_obelisk_4	nag_effect_landmark_nagash_enemy_undead_hex		force_to_character_own_provincetext	-10.0000	-10.0000	0.0000
nag_bpyramid_main_obelisk_4	nag_effect_landmark_nagash_character_wom_reserves		force_to_force_own	35.0000	35.0000	0.0000
nag_bpyramid_main_obelisk_4	nag_effect_landmark_nagash_buff_golems_defence		force_to_force_own_lords_army	12.0000	12.0000	0.0000
nag_bpyramid_main_obelisk_4	nag_effect_agent_enable_recruitment_wizard_tmb		force_to_force_own	1.0000	1.0000	0.0000
nag_bpyramid_main_obelisk_4	nag_effect_agent_enable_recruitment_special_wizard_tmb		force_to_force_own	1.0000	1.0000	0.0000
nag_bpyramid_main_obelisk_4	nag_effect_agent_cap_increase_liche_priest		faction_to_faction_own_unseen	3.0000	3.0000	0.0000
nag_bpyramid_main_obelisk_4	nag_effect_grand_spell_02_recharge		faction_to_faction_own_unseen	4.0000	1.0000	0.0000
nag_bpyramid_ew1_barracks_2	nag_effect_unit_cap_sand_crawlies		faction_to_faction_own_unseen	2.0000	2.0000	0.0000
nag_bpyramid_ew1_barracks_3	nag_effect_unit_cap_sand_crawlies		faction_to_faction_own_unseen	4.0000	4.0000	0.0000
nag_bpyramid_ew1_barracks_3	nag_effect_unit_cap_sepulchral_stalkers_0		faction_to_faction_own_unseen	2.0000	2.0000	0.0000
nag_bpyramid_ew1_barracks_3	nag_effect_unit_cap_ushabti_0		faction_to_faction_own_unseen	2.0000	2.0000	0.0000
nag_bpyramid_ew1_barracks_3	nag_effect_agent_enable_recruitment_champion_tmb		force_to_force_own	1.0000	1.0000	0.0000
nag_bpyramid_ew1_barracks_3	nag_effect_agent_cap_increase_prince_wight		faction_to_faction_own_unseen	1.0000	1.0000	0.0000
nag_bpyramid_ew1_barracks_4	nag_effect_unit_cap_sand_crawlies		faction_to_faction_own_unseen	6.0000	6.0000	0.0000
nag_bpyramid_ew1_barracks_4	nag_effect_unit_cap_sepulchral_stalkers_0		faction_to_faction_own_unseen	3.0000	3.0000	0.0000
nag_bpyramid_ew1_barracks_4	nag_effect_unit_cap_ushabti_0		faction_to_faction_own_unseen	4.0000	4.0000	0.0000
nag_bpyramid_ew1_barracks_4	nag_effect_unit_cap_ushabti_1		faction_to_faction_own_unseen	2.0000	2.0000	0.0000
nag_bpyramid_ew1_barracks_4	nag_effect_agent_enable_recruitment_champion_tmb		force_to_force_own	2.0000	2.0000	0.0000
nag_bpyramid_ew1_barracks_4	nag_effect_agent_cap_increase_prince_wight		faction_to_faction_own_unseen	2.0000	2.0000	0.0000
nag_bpyramid_ww1_stables_2	nag_effect_unit_cap_skeleton_chariot_0		faction_to_faction_own_unseen	2.0000	2.0000	0.0000
nag_bpyramid_ww1_stables_2	nag_effect_unit_cap_nag_undead_chariot_unit		faction_to_faction_own_unseen	2.0000	2.0000	0.0000
nag_bpyramid_ww1_stables_3	nag_effect_unit_cap_skeleton_chariot_0		faction_to_faction_own_unseen	4.0000	4.0000	0.0000
nag_bpyramid_ww1_stables_3	nag_effect_unit_cap_nag_undead_chariot_unit		faction_to_faction_own_unseen	4.0000	4.0000	0.0000
nag_bpyramid_ww1_stables_3	nag_effect_unit_cap_necropolis_knights_0		faction_to_faction_own_unseen	2.0000	2.0000	0.0000
nag_bpyramid_ww1_stables_3	nag_effect_unit_cap_necropolis_knights_1		faction_to_faction_own_unseen	2.0000	2.0000	0.0000
nag_bpyramid_ww1_stables_4	nag_effect_unit_cap_skeleton_chariot_0		faction_to_faction_own_unseen	6.0000	6.0000	0.0000
nag_bpyramid_ww1_stables_4	nag_effect_unit_cap_nag_undead_chariot_unit		faction_to_faction_own_unseen	6.0000	6.0000	0.0000
nag_bpyramid_ww1_stables_4	nag_effect_unit_cap_necropolis_knights_0		faction_to_faction_own_unseen	4.0000	4.0000	0.0000
nag_bpyramid_ww1_stables_4	nag_effect_unit_cap_necropolis_knights_1		faction_to_faction_own_unseen	4.0000	4.0000	0.0000
nag_bpyramid_ww1_stables_4	nag_effect_unit_cap_tomb_scorpion_0		faction_to_faction_own_unseen	2.0000	2.0000	0.0000
nag_bpyramid_ww1_stables_4	nag_effect_unit_cap_necrosphinx_0		faction_to_faction_own_unseen	1.0000	1.0000	0.0000
nag_bpyramid_ww1_stables_4	nag_effect_unit_cap_nag_nagashi_knights		faction_to_faction_own_unseen	2.0000	2.0000	0.0000
nag_bpyramid_ww2_warmachines_1	nag_effect_unit_cap_bone_thrower		faction_to_faction_own_unseen	2.0000	2.0000	0.0000
nag_bpyramid_ww2_warmachines_2	nag_effect_unit_cap_bone_thrower		faction_to_faction_own_unseen	3.0000	3.0000	0.0000
nag_bpyramid_ww2_warmachines_2	nag_effect_unit_cap_screaming_skull_catapult_0		faction_to_faction_own_unseen	1.0000	1.0000	0.0000
nag_bpyramid_ww2_warmachines_3	nag_effect_unit_cap_bone_thrower		faction_to_faction_own_unseen	4.0000	4.0000	0.0000
nag_bpyramid_ww2_warmachines_3	nag_effect_unit_cap_screaming_skull_catapult_0		faction_to_faction_own_unseen	2.0000	2.0000	0.0000
nag_bpyramid_ww2_warmachines_3	nag_effect_unit_cap_casket_of_souls_0		faction_to_faction_own_unseen	1.0000	1.0000	0.0000
nag_bpyramid_ew2_mortuary_2	nag_effect_unit_cap_cairn_wraiths		faction_to_faction_own_unseen	2.0000	2.0000	0.0000
nag_bpyramid_ew2_mortuary_2	nag_effect_unit_cap_spectre_swarm		faction_to_faction_own_unseen	1.0000	1.0000	0.0000
nag_bpyramid_ew2_mortuary_3	nag_effect_unit_cap_cairn_wraiths		faction_to_faction_own_unseen	4.0000	4.0000	0.0000
nag_bpyramid_ew2_mortuary_3	nag_effect_unit_cap_hexwraiths		faction_to_faction_own_unseen	2.0000	2.0000	0.0000
nag_bpyramid_ew2_mortuary_3	nag_effect_unit_cap_carrion_riders		faction_to_faction_own_unseen	2.0000	2.0000	0.0000
nag_bpyramid_ew2_mortuary_3	nag_effect_unit_cap_spectre_swarm		faction_to_faction_own_unseen	2.0000	2.0000	0.0000
nag_bpyramid_ew3_growth_1	wh_main_effect_force_all_campaign_replenishment_rate		force_to_force_own	12.0000	12.0000	0.0000
nag_bpyramid_ew3_growth_1	nag_effect_horde_growth		force_to_force_own	5.0000	5.0000	0.0000
nag_bpyramid_ew3_growth_2	wh_main_effect_force_all_campaign_replenishment_rate		force_to_force_own	20.0000	20.0000	0.0000
nag_bpyramid_ew3_growth_2	nag_effect_horde_growth		force_to_force_own	7.0000	7.0000	0.0000
nag_bpyramid_ww3_industry_1	wh_main_effect_economy_gdp_culture		force_to_force_building	450.0000	450.0000	0.0000
nag_bpyramid_ww3_industry_1	wh_main_effect_force_army_campaign_recruitment_points		force_to_force_own	1.0000	1.0000	0.0000
nag_bpyramid_ww3_industry_2	wh_main_effect_economy_gdp_culture		force_to_force_building	650.0000	650.0000	0.0000
nag_bpyramid_ww3_industry_2	wh_main_effect_force_all_recruitment_points		force_to_force_own	2.0000	1.0000	0.0000
nag_bpyramid_ew4_other_1	wh_main_effect_force_stat_armour_defending		force_to_force_own_lords_army	20.0000	10.0000	0.0000
nag_bpyramid_ww4_extra_1	nag_effect_force_army_battle_melee_attack_all_defending		force_to_force_own_lords_army	6.0000	10.0000	0.0000
nag_bpyramid_ww4_extra_1	nag_effect_force_army_battle_melee_defence_all_defending		force_to_force_own_lords_army	6.0000	10.0000	0.0000
nag_nagash_horde_special_1	nag_effect_horde_growth		force_to_force_own	6.0000	6.0000	0.0000
nag_nagash_horde_special_1	wh_main_effect_force_all_recruitment_points		force_to_force_own	3.0000	1.0000	0.0000
nag_nagash_horde_special_1	wh3_main_effect_corruption_vampiric_buildings		force_to_character_own_provincetext	1.0000	1.0000	0.0000
nag_nagash_horde_special_1	wh_main_effect_economy_gdp_culture		force_to_force_building	200.0000	200.0000	0.0000
nag_nagash_horde_special_2	nag_effect_horde_growth		force_to_force_own	8.0000	8.0000	0.0000
nag_nagash_horde_special_2	wh_main_effect_force_all_recruitment_points		force_to_force_own	4.0000	2.0000	0.0000
nag_nagash_horde_special_2	wh3_main_effect_corruption_vampiric_buildings		force_to_character_own_provincetext	2.0000	1.0000	0.0000
nag_nagash_horde_special_2	wh_main_effect_economy_gdp_culture		force_to_force_building	400.0000	400.0000	0.0000
nag_nagash_horde_special_3	nag_effect_horde_growth		force_to_force_own	10.0000	10.0000	0.0000
nag_nagash_horde_special_3	wh_main_effect_force_all_recruitment_points		force_to_force_own	5.0000	2.0000	0.0000
nag_nagash_horde_special_3	wh3_main_effect_corruption_vampiric_buildings		force_to_character_own_provincetext	3.0000	1.0000	0.0000
nag_nagash_horde_special_3	wh_main_effect_economy_gdp_culture		force_to_force_building	600.0000	600.0000	0.0000
nag_arkhan_horde_special_1	nag_effect_horde_growth		force_to_force_own	5.0000	5.0000	0.0000
nag_arkhan_horde_special_1	wh_main_effect_force_all_recruitment_points		force_to_force_own	3.0000	1.0000	0.0000
nag_arkhan_horde_special_1	wh3_main_effect_corruption_vampiric_buildings		force_to_character_own_provincetext	1.0000	1.0000	0.0000
nag_arkhan_horde_special_1	wh_main_effect_economy_gdp_culture		force_to_force_building	150.0000	150.0000	0.0000
nag_arkhan_horde_special_2	nag_effect_horde_growth		force_to_force_own	6.0000	6.0000	0.0000
nag_arkhan_horde_special_2	wh_main_effect_force_all_recruitment_points		force_to_force_own	4.0000	2.0000	0.0000
nag_arkhan_horde_special_2	wh3_main_effect_corruption_vampiric_buildings		force_to_character_own_provincetext	2.0000	1.0000	0.0000
nag_arkhan_horde_special_2	wh_main_effect_economy_gdp_culture		force_to_force_building	250.0000	250.0000	0.0000
nag_arkhan_horde_special_3	nag_effect_horde_growth		force_to_force_own	7.0000	7.0000	0.0000
nag_arkhan_horde_special_3	wh_main_effect_force_all_recruitment_points		force_to_force_own	5.0000	2.0000	0.0000
nag_arkhan_horde_special_3	wh3_main_effect_corruption_vampiric_buildings		force_to_character_own_provincetext	3.0000	1.0000	0.0000
nag_arkhan_horde_special_3	wh_main_effect_economy_gdp_culture		force_to_force_building	350.0000	350.0000	0.0000
nag_arkhan_horde_special_4	nag_effect_horde_growth		force_to_force_own	8.0000	8.0000	0.0000
nag_arkhan_horde_special_4	wh_main_effect_force_all_recruitment_points		force_to_force_own	6.0000	3.0000	0.0000
nag_arkhan_horde_special_4	wh3_main_effect_corruption_vampiric_buildings		force_to_character_own_provincetext	4.0000	2.0000	0.0000
nag_arkhan_horde_special_4	wh_main_effect_economy_gdp_culture		force_to_force_building	500.0000	500.0000	0.0000
nag_arkhan_horde_special_5	nag_effect_horde_growth		force_to_force_own	10.0000	10.0000	0.0000
nag_arkhan_horde_special_5	wh_main_effect_force_all_recruitment_points		force_to_force_own	7.0000	3.0000	0.0000
nag_arkhan_horde_special_5	wh3_main_effect_corruption_vampiric_buildings		force_to_character_own_provincetext	5.0000	2.0000	0.0000
nag_arkhan_horde_special_5	wh_main_effect_economy_gdp_culture		force_to_force_building	700.0000	700.0000	0.0000
nag_vlad_horde_special_1	nag_effect_horde_growth		force_to_force_own	5.0000	5.0000	0.0000
nag_vlad_horde_special_1	wh_main_effect_force_all_recruitment_points		force_to_force_own	3.0000	1.0000	0.0000
nag_vlad_horde_special_1	wh3_main_effect_corruption_vampiric_buildings		force_to_character_own_provincetext	1.0000	1.0000	0.0000
nag_vlad_horde_special_1	wh_main_effect_economy_gdp_culture		force_to_force_building	150.0000	150.0000	0.0000
nag_vlad_horde_special_2	nag_effect_horde_growth		force_to_force_own	6.0000	6.0000	0.0000
nag_vlad_horde_special_2	wh_main_effect_force_all_recruitment_points		force_to_force_own	4.0000	2.0000	0.0000
nag_vlad_horde_special_2	wh3_main_effect_corruption_vampiric_buildings		force_to_character_own_provincetext	2.0000	1.0000	0.0000
nag_vlad_horde_special_2	wh_main_effect_economy_gdp_culture		force_to_force_building	250.0000	250.0000	0.0000
nag_vlad_horde_special_3	nag_effect_horde_growth		force_to_force_own	7.0000	7.0000	0.0000
nag_vlad_horde_special_3	wh_main_effect_force_all_recruitment_points		force_to_force_own	5.0000	2.0000	0.0000
nag_vlad_horde_special_3	wh3_main_effect_corruption_vampiric_buildings		force_to_character_own_provincetext	3.0000	1.0000	0.0000
nag_vlad_horde_special_3	wh_main_effect_economy_gdp_culture		force_to_force_building	350.0000	350.0000	0.0000
nag_vlad_horde_special_4	nag_effect_horde_growth		force_to_force_own	8.0000	8.0000	0.0000
nag_vlad_horde_special_4	wh_main_effect_force_all_recruitment_points		force_to_force_own	6.0000	3.0000	0.0000
nag_vlad_horde_special_4	wh3_main_effect_corruption_vampiric_buildings		force_to_character_own_provincetext	4.0000	2.0000	0.0000
nag_vlad_horde_special_4	wh_main_effect_economy_gdp_culture		force_to_force_building	500.0000	500.0000	0.0000
nag_vlad_horde_special_5	nag_effect_horde_growth		force_to_force_own	10.0000	10.0000	0.0000
nag_vlad_horde_special_5	wh_main_effect_force_all_recruitment_points		force_to_force_own	7.0000	3.0000	0.0000
nag_vlad_horde_special_5	wh3_main_effect_corruption_vampiric_buildings		force_to_character_own_provincetext	5.0000	2.0000	0.0000
nag_vlad_horde_special_5	wh_main_effect_economy_gdp_culture		force_to_force_building	700.0000	700.0000	0.0000
nag_neffy_horde_special_1	nag_effect_horde_growth		force_to_force_own	5.0000	5.0000	0.0000
nag_neffy_horde_special_1	wh_main_effect_force_all_recruitment_points		force_to_force_own	3.0000	1.0000	0.0000
nag_neffy_horde_special_1	wh3_main_effect_corruption_vampiric_buildings		force_to_character_own_provincetext	1.0000	1.0000	0.0000
nag_neffy_horde_special_1	wh_main_effect_economy_gdp_culture		force_to_force_building	150.0000	150.0000	0.0000
nag_neffy_horde_special_2	nag_effect_horde_growth		force_to_force_own	6.0000	6.0000	0.0000
nag_neffy_horde_special_2	wh_main_effect_force_all_recruitment_points		force_to_force_own	4.0000	2.0000	0.0000
nag_neffy_horde_special_2	wh3_main_effect_corruption_vampiric_buildings		force_to_character_own_provincetext	2.0000	1.0000	0.0000
nag_neffy_horde_special_2	wh_main_effect_economy_gdp_culture		force_to_force_building	250.0000	250.0000	0.0000
nag_neffy_horde_special_3	nag_effect_horde_growth		force_to_force_own	7.0000	7.0000	0.0000
nag_neffy_horde_special_3	wh_main_effect_force_all_recruitment_points		force_to_force_own	5.0000	2.0000	0.0000
nag_neffy_horde_special_3	wh3_main_effect_corruption_vampiric_buildings		force_to_character_own_provincetext	3.0000	1.0000	0.0000
nag_neffy_horde_special_3	wh_main_effect_economy_gdp_culture		force_to_force_building	350.0000	350.0000	0.0000
nag_neffy_horde_special_4	nag_effect_horde_growth		force_to_force_own	8.0000	8.0000	0.0000
nag_neffy_horde_special_4	wh_main_effect_force_all_recruitment_points		force_to_force_own	6.0000	3.0000	0.0000
nag_neffy_horde_special_4	wh3_main_effect_corruption_vampiric_buildings		force_to_character_own_provincetext	4.0000	2.0000	0.0000
nag_neffy_horde_special_4	wh_main_effect_economy_gdp_culture		force_to_force_building	500.0000	500.0000	0.0000
nag_neffy_horde_special_5	nag_effect_horde_growth		force_to_force_own	10.0000	10.0000	0.0000
nag_neffy_horde_special_5	wh_main_effect_force_all_recruitment_points		force_to_force_own	7.0000	3.0000	0.0000
nag_neffy_horde_special_5	wh3_main_effect_corruption_vampiric_buildings		force_to_character_own_provincetext	5.0000	2.0000	0.0000
nag_neffy_horde_special_5	wh_main_effect_economy_gdp_culture		force_to_force_building	700.0000	700.0000	0.0000
nag_manny_horde_special_1	nag_effect_horde_growth		force_to_force_own	5.0000	5.0000	0.0000
nag_manny_horde_special_1	wh_main_effect_force_all_recruitment_points		force_to_force_own	3.0000	1.0000	0.0000
nag_manny_horde_special_1	wh3_main_effect_corruption_vampiric_buildings		force_to_character_own_provincetext	1.0000	1.0000	0.0000
nag_manny_horde_special_1	wh_main_effect_economy_gdp_culture		force_to_force_building	150.0000	150.0000	0.0000
nag_manny_horde_special_2	nag_effect_horde_growth		force_to_force_own	6.0000	6.0000	0.0000
nag_manny_horde_special_2	wh_main_effect_force_all_recruitment_points		force_to_force_own	4.0000	2.0000	0.0000
nag_manny_horde_special_2	wh3_main_effect_corruption_vampiric_buildings		force_to_character_own_provincetext	2.0000	1.0000	0.0000
nag_manny_horde_special_2	wh_main_effect_economy_gdp_culture		force_to_force_building	250.0000	250.0000	0.0000
nag_manny_horde_special_3	nag_effect_horde_growth		force_to_force_own	7.0000	7.0000	0.0000
nag_manny_horde_special_3	wh_main_effect_force_all_recruitment_points		force_to_force_own	5.0000	2.0000	0.0000
nag_manny_horde_special_3	wh3_main_effect_corruption_vampiric_buildings		force_to_character_own_provincetext	3.0000	1.0000	0.0000
nag_manny_horde_special_3	wh_main_effect_economy_gdp_culture		force_to_force_building	350.0000	350.0000	0.0000
nag_manny_horde_special_4	nag_effect_horde_growth		force_to_force_own	8.0000	8.0000	0.0000
nag_manny_horde_special_4	wh_main_effect_force_all_recruitment_points		force_to_force_own	6.0000	3.0000	0.0000
nag_manny_horde_special_4	wh3_main_effect_corruption_vampiric_buildings		force_to_character_own_provincetext	4.0000	2.0000	0.0000
nag_manny_horde_special_4	wh_main_effect_economy_gdp_culture		force_to_force_building	500.0000	500.0000	0.0000
nag_manny_horde_special_5	nag_effect_horde_growth		force_to_force_own	10.0000	10.0000	0.0000
nag_manny_horde_special_5	wh_main_effect_force_all_recruitment_points		force_to_force_own	7.0000	3.0000	0.0000
nag_manny_horde_special_5	wh3_main_effect_corruption_vampiric_buildings		force_to_character_own_provincetext	5.0000	2.0000	0.0000
nag_manny_horde_special_5	wh_main_effect_economy_gdp_culture		force_to_force_building	700.0000	700.0000	0.0000
nag_krell_horde_special_1	nag_effect_horde_growth		force_to_force_own	5.0000	5.0000	0.0000
nag_krell_horde_special_1	wh_main_effect_force_all_recruitment_points		force_to_force_own	3.0000	1.0000	0.0000
nag_krell_horde_special_1	wh3_main_effect_corruption_vampiric_buildings		force_to_character_own_provincetext	1.0000	1.0000	0.0000
nag_krell_horde_special_1	wh_main_effect_economy_gdp_culture		force_to_force_building	150.0000	150.0000	0.0000
nag_krell_horde_special_2	nag_effect_horde_growth		force_to_force_own	6.0000	6.0000	0.0000
nag_krell_horde_special_2	wh_main_effect_force_all_recruitment_points		force_to_force_own	4.0000	2.0000	0.0000
nag_krell_horde_special_2	wh3_main_effect_corruption_vampiric_buildings		force_to_character_own_provincetext	2.0000	1.0000	0.0000
nag_krell_horde_special_2	wh_main_effect_economy_gdp_culture		force_to_force_building	250.0000	250.0000	0.0000
nag_krell_horde_special_3	nag_effect_horde_growth		force_to_force_own	7.0000	7.0000	0.0000
nag_krell_horde_special_3	wh_main_effect_force_all_recruitment_points		force_to_force_own	5.0000	2.0000	0.0000
nag_krell_horde_special_3	wh3_main_effect_corruption_vampiric_buildings		force_to_character_own_provincetext	3.0000	1.0000	0.0000
nag_krell_horde_special_3	wh_main_effect_economy_gdp_culture		force_to_force_building	350.0000	350.0000	0.0000
nag_krell_horde_special_4	nag_effect_horde_growth		force_to_force_own	8.0000	8.0000	0.0000
nag_krell_horde_special_4	wh_main_effect_force_all_recruitment_points		force_to_force_own	6.0000	3.0000	0.0000
nag_krell_horde_special_4	wh3_main_effect_corruption_vampiric_buildings		force_to_character_own_provincetext	4.0000	2.0000	0.0000
nag_krell_horde_special_4	wh_main_effect_economy_gdp_culture		force_to_force_building	500.0000	500.0000	0.0000
nag_krell_horde_special_5	nag_effect_horde_growth		force_to_force_own	10.0000	10.0000	0.0000
nag_krell_horde_special_5	wh_main_effect_force_all_recruitment_points		force_to_force_own	7.0000	3.0000	0.0000
nag_krell_horde_special_5	wh3_main_effect_corruption_vampiric_buildings		force_to_character_own_provincetext	5.0000	2.0000	0.0000
nag_krell_horde_special_5	wh_main_effect_economy_gdp_culture		force_to_force_building	700.0000	700.0000	0.0000
nag_luthor_horde_special_1	nag_effect_horde_growth		force_to_force_own	5.0000	5.0000	0.0000
nag_luthor_horde_special_1	wh_main_effect_force_all_recruitment_points		force_to_force_own	3.0000	1.0000	0.0000
nag_luthor_horde_special_1	wh3_main_effect_corruption_vampiric_buildings		force_to_character_own_provincetext	1.0000	1.0000	0.0000
nag_luthor_horde_special_1	wh_main_effect_economy_gdp_culture		force_to_force_building	150.0000	150.0000	0.0000
nag_luthor_horde_special_2	nag_effect_horde_growth		force_to_force_own	6.0000	6.0000	0.0000
nag_luthor_horde_special_2	wh_main_effect_force_all_recruitment_points		force_to_force_own	4.0000	2.0000	0.0000
nag_luthor_horde_special_2	wh3_main_effect_corruption_vampiric_buildings		force_to_character_own_provincetext	2.0000	1.0000	0.0000
nag_luthor_horde_special_2	wh_main_effect_economy_gdp_culture		force_to_force_building	250.0000	250.0000	0.0000
nag_luthor_horde_special_3	nag_effect_horde_growth		force_to_force_own	7.0000	7.0000	0.0000
nag_luthor_horde_special_3	wh_main_effect_force_all_recruitment_points		force_to_force_own	5.0000	2.0000	0.0000
nag_luthor_horde_special_3	wh3_main_effect_corruption_vampiric_buildings		force_to_character_own_provincetext	3.0000	1.0000	0.0000
nag_luthor_horde_special_3	wh_main_effect_economy_gdp_culture		force_to_force_building	350.0000	350.0000	0.0000
nag_luthor_horde_special_4	nag_effect_horde_growth		force_to_force_own	8.0000	8.0000	0.0000
nag_luthor_horde_special_4	wh_main_effect_force_all_recruitment_points		force_to_force_own	6.0000	3.0000	0.0000
nag_luthor_horde_special_4	wh3_main_effect_corruption_vampiric_buildings		force_to_character_own_provincetext	4.0000	2.0000	0.0000
nag_luthor_horde_special_4	wh_main_effect_economy_gdp_culture		force_to_force_building	500.0000	500.0000	0.0000
nag_luthor_horde_special_5	nag_effect_horde_growth		force_to_force_own	10.0000	10.0000	0.0000
nag_luthor_horde_special_5	wh_main_effect_force_all_recruitment_points		force_to_force_own	7.0000	3.0000	0.0000
nag_luthor_horde_special_5	wh3_main_effect_corruption_vampiric_buildings		force_to_character_own_provincetext	5.0000	2.0000	0.0000
nag_luthor_horde_special_5	wh_main_effect_economy_gdp_culture		force_to_force_building	700.0000	700.0000	0.0000
nag_azhag_horde_special_1	nag_effect_horde_growth		force_to_force_own	5.0000	5.0000	0.0000
nag_azhag_horde_special_1	wh_main_effect_force_all_recruitment_points		force_to_force_own	3.0000	1.0000	0.0000
nag_azhag_horde_special_1	wh3_main_effect_corruption_vampiric_buildings		force_to_character_own_provincetext	1.0000	1.0000	0.0000
nag_azhag_horde_special_1	wh_main_effect_economy_gdp_culture		force_to_force_building	150.0000	150.0000	0.0000
nag_azhag_horde_special_2	nag_effect_horde_growth		force_to_force_own	6.0000	6.0000	0.0000
nag_azhag_horde_special_2	wh_main_effect_force_all_recruitment_points		force_to_force_own	4.0000	2.0000	0.0000
nag_azhag_horde_special_2	wh3_main_effect_corruption_vampiric_buildings		force_to_character_own_provincetext	2.0000	1.0000	0.0000
nag_azhag_horde_special_2	wh_main_effect_economy_gdp_culture		force_to_force_building	250.0000	250.0000	0.0000
nag_azhag_horde_special_3	nag_effect_horde_growth		force_to_force_own	7.0000	7.0000	0.0000
nag_azhag_horde_special_3	wh_main_effect_force_all_recruitment_points		force_to_force_own	5.0000	2.0000	0.0000
nag_azhag_horde_special_3	wh3_main_effect_corruption_vampiric_buildings		force_to_character_own_provincetext	3.0000	1.0000	0.0000
nag_azhag_horde_special_3	wh_main_effect_economy_gdp_culture		force_to_force_building	350.0000	350.0000	0.0000
nag_azhag_horde_special_4	nag_effect_horde_growth		force_to_force_own	8.0000	8.0000	0.0000
nag_azhag_horde_special_4	wh_main_effect_force_all_recruitment_points		force_to_force_own	6.0000	3.0000	0.0000
nag_azhag_horde_special_4	wh3_main_effect_corruption_vampiric_buildings		force_to_character_own_provincetext	4.0000	2.0000	0.0000
nag_azhag_horde_special_4	wh_main_effect_economy_gdp_culture		force_to_force_building	500.0000	500.0000	0.0000
nag_azhag_horde_special_5	nag_effect_horde_growth		force_to_force_own	10.0000	10.0000	0.0000
nag_azhag_horde_special_5	wh_main_effect_force_all_recruitment_points		force_to_force_own	7.0000	3.0000	0.0000
nag_azhag_horde_special_5	wh3_main_effect_corruption_vampiric_buildings		force_to_character_own_provincetext	5.0000	2.0000	0.0000
nag_azhag_horde_special_5	wh_main_effect_economy_gdp_culture		force_to_force_building	700.0000	700.0000	0.0000
nag_nagash_horde_landmark_0	nag_effect_unit_cap_bone_golems		faction_to_faction_own_unseen	1.0000	1.0000	0.0000
nag_nagash_horde_landmark_0	nag_effect_landmark_nagash_buff_ethereal_magic_res		force_to_force_own_lords_army	5.0000	5.0000	0.0000
nag_nagash_horde_landmark_0	nag_effect_landmark_nagash_character_wom_reserves		force_to_force_own	10.0000	10.0000	0.0000
nag_nagash_horde_landmark_1	nag_effect_unit_cap_bone_golems		faction_to_faction_own_unseen	2.0000	2.0000	0.0000
nag_nagash_horde_landmark_1	nag_effect_unit_cap_nagashi_guard		faction_to_faction_own_unseen	2.0000	2.0000	0.0000
nag_nagash_horde_landmark_1	nag_effect_unit_cap_nagashi_guard_halb		faction_to_faction_own_unseen	2.0000	2.0000	0.0000
nag_nagash_horde_landmark_1	nag_effect_landmark_nagash_buff_golems_defence		force_to_force_own_lords_army	12.0000	12.0000	0.0000
nag_nagash_horde_landmark_1	nag_effect_landmark_nagash_buff_ethereal_magic_res		force_to_force_own_lords_army	10.0000	10.0000	0.0000
nag_nagash_horde_landmark_1	nag_effect_landmark_nagash_enemy_undead_hex		force_to_character_own_provincetext	-6.0000	-6.0000	0.0000
nag_nagash_horde_landmark_1	nag_effect_landmark_nagash_character_wom_reserves		force_to_force_own	15.0000	15.0000	0.0000
nag_arkhan_horde_landmark_0	nag_effect_unit_cap_nehekhara_horsemen_0		faction_to_faction_own_unseen	4.0000	4.0000	0.0000
nag_arkhan_horde_landmark_0	nag_effect_unit_cap_nehekhara_warriors_0		faction_to_faction_own_unseen	4.0000	4.0000	0.0000
nag_arkhan_horde_landmark_0	nag_effect_unit_cap_skeleton_archer_chariot_0		faction_to_faction_own_unseen	2.0000	2.0000	0.0000
nag_arkhan_horde_landmark_0	nag_effect_landmark_arkhan_character_melee		force_to_force_own_lords_army	4.0000	4.0000	0.0000
nag_arkhan_horde_landmark_0	nag_effect_landmark_arkhan_character_defence		force_to_force_own_lords_army	4.0000	4.0000	0.0000
nag_arkhan_horde_landmark_1	nag_effect_unit_cap_nehekhara_horsemen_0		faction_to_faction_own_unseen	8.0000	8.0000	0.0000
nag_arkhan_horde_landmark_1	nag_effect_unit_cap_nehekhara_warriors_0		faction_to_faction_own_unseen	8.0000	8.0000	0.0000
nag_arkhan_horde_landmark_1	nag_effect_unit_cap_skeleton_archer_chariot_0		faction_to_faction_own_unseen	4.0000	4.0000	0.0000
nag_arkhan_horde_landmark_1	nag_effect_unit_cap_khemrian_warsphinx_0		faction_to_faction_own_unseen	2.0000	2.0000	0.0000
nag_arkhan_horde_landmark_1	nag_effect_landmark_arkhan_character_melee		force_to_force_own_lords_army	8.0000	8.0000	0.0000
nag_arkhan_horde_landmark_1	nag_effect_landmark_arkhan_character_defence		force_to_force_own_lords_army	8.0000	8.0000	0.0000
nag_arkhan_horde_landmark_1	nag_effect_landmark_arkhan_character_wom_reserves		force_to_force_own	15.0000	15.0000	0.0000
nag_arkhan_horde_landmark_1	nag_effect_landmark_arkhan_buff_magic_attacks_scorpion		force_to_force_own_lords_army	1.0000	1.0000	0.0000
nag_arkhan_horde_landmark_1	nag_effect_landmark_arkhan_buff_magic_attacks_warshpinx		force_to_force_own_lords_army	1.0000	1.0000	0.0000
nag_vlad_horde_landmark_0	nag_effect_unit_cap_grave_guard_0		faction_to_faction_own_unseen	4.0000	4.0000	0.0000
nag_vlad_horde_landmark_0	nag_effect_unit_cap_grave_guard_1		faction_to_faction_own_unseen	4.0000	4.0000	0.0000
nag_vlad_horde_landmark_0	nag_effect_landmark_vlad_movement		force_to_force_own	5.0000	5.0000	0.0000
nag_vlad_horde_landmark_0	nag_effect_landmark_vlad_buff_dags_melee		force_to_force_own_lords_army	4.0000	2.0000	0.0000
nag_vlad_horde_landmark_0	nag_effect_landmark_vlad_guerrilla_deployment		force_to_force_own_lords_army	1.0000	1.0000	0.0000
nag_vlad_horde_landmark_1	nag_effect_unit_cap_grave_guard_0		faction_to_faction_own_unseen	8.0000	8.0000	0.0000
nag_vlad_horde_landmark_1	nag_effect_unit_cap_grave_guard_1		faction_to_faction_own_unseen	8.0000	8.0000	0.0000
nag_vlad_horde_landmark_1	nag_effect_unit_cap_vargheists		faction_to_faction_own_unseen	3.0000	3.0000	0.0000
nag_vlad_horde_landmark_1	nag_effect_landmark_vlad_movement		force_to_force_own	10.0000	10.0000	0.0000
nag_vlad_horde_landmark_1	nag_effect_landmark_vlad_buff_dags_fatigue_res		force_to_force_own_lords_army	-15.0000	-15.0000	0.0000
nag_vlad_horde_landmark_1	nag_effect_landmark_vlad_buff_dags_melee		force_to_force_own_lords_army	8.0000	4.0000	0.0000
nag_vlad_horde_landmark_1	nag_effect_landmark_vlad_guerrilla_deployment		force_to_force_own_lords_army	1.0000	1.0000	0.0000
nag_neffy_horde_landmark_0	nag_effect_unit_cap_tomb_guard_0		faction_to_faction_own_unseen	4.0000	4.0000	0.0000
nag_neffy_horde_landmark_0	nag_effect_unit_cap_tomb_guard_1		faction_to_faction_own_unseen	4.0000	4.0000	0.0000
nag_neffy_horde_landmark_0	nag_effect_agent_cap_increase_vampire		faction_to_faction_own_unseen	1.0000	1.0000	0.0000
nag_neffy_horde_landmark_1	nag_effect_unit_cap_tomb_guard_0		faction_to_faction_own_unseen	8.0000	8.0000	0.0000
nag_neffy_horde_landmark_1	nag_effect_unit_cap_tomb_guard_1		faction_to_faction_own_unseen	8.0000	8.0000	0.0000
nag_neffy_horde_landmark_1	nag_effect_landmark_neffy_buff_bats_refuse_to_die		force_to_force_own_lords_army	1.0000	1.0000	0.0000
nag_neffy_horde_landmark_1	nag_effect_landmark_neffy_horde_replenishment		force_to_force_own	25.0000	25.0000	0.0000
nag_neffy_horde_landmark_1	nag_effect_unit_cap_blood_knights_0		faction_to_faction_own_unseen	2.0000	2.0000	0.0000
nag_neffy_horde_landmark_1	nag_effect_landmark_neffy_buff_ushabti_melee		force_to_force_own_lords_army	4.0000	4.0000	0.0000
nag_neffy_horde_landmark_1	nag_effect_landmark_neffy_buff_ushabti_defence		force_to_force_own_lords_army	6.0000	6.0000	0.0000
nag_neffy_horde_landmark_1	nag_effect_agent_enable_recruitment_dignitary_vmp		force_to_force_own	1.0000	1.0000	0.0000
nag_neffy_horde_landmark_1	nag_effect_agent_cap_increase_vampire		faction_to_faction_own_unseen	3.0000	3.0000	0.0000
nag_manny_horde_landmark_0	nag_effect_unit_cap_black_knights_0		faction_to_faction_own_unseen	3.0000	3.0000	0.0000
nag_manny_horde_landmark_0	nag_effect_unit_cap_black_knights_3		faction_to_faction_own_unseen	3.0000	3.0000	0.0000
nag_manny_horde_landmark_0	nag_effect_landmark_manny_movement		force_to_force_own	5.0000	5.0000	0.0000
nag_manny_horde_landmark_0	nag_effect_landmark_manny_character_wom_reserves		force_to_force_own	15.0000	15.0000	0.0000
nag_manny_horde_landmark_1	nag_effect_unit_cap_black_knights_0		faction_to_faction_own_unseen	6.0000	6.0000	0.0000
nag_manny_horde_landmark_1	nag_effect_unit_cap_black_knights_3		faction_to_faction_own_unseen	6.0000	6.0000	0.0000
nag_manny_horde_landmark_1	nag_effect_unit_cap_corpse_cart_1		faction_to_faction_own_unseen	2.0000	2.0000	0.0000
nag_manny_horde_landmark_1	nag_effect_unit_cap_corpse_cart_2		faction_to_faction_own_unseen	2.0000	2.0000	0.0000
nag_manny_horde_landmark_1	nag_effect_landmark_manny_movement		force_to_force_own	10.0000	10.0000	0.0000
nag_manny_horde_landmark_1	nag_effect_landmark_manny_character_wom_reserves		force_to_force_own	30.0000	30.0000	0.0000
nag_manny_horde_landmark_1	nag_effect_landmark_manny_recruit_rank_knights		force_to_force_own	3.0000	3.0000	0.0000
nag_manny_horde_landmark_1	nag_effect_landmark_manny_spell_cost		force_to_force_own	-1.0000	-1.0000	0.0000
nag_krell_horde_landmark_0	nag_effect_unit_cap_grave_guard_0		faction_to_faction_own_unseen	4.0000	4.0000	0.0000
nag_krell_horde_landmark_0	nag_effect_unit_cap_grave_guard_1		faction_to_faction_own_unseen	4.0000	4.0000	0.0000
nag_krell_horde_landmark_0	nag_effect_landmark_krell_buff_guard_melee		force_to_force_own_lords_army	6.0000	6.0000	0.0000
nag_krell_horde_landmark_0	nag_effect_landmark_krell_buff_guard_phys		force_to_force_own_lords_army	10.0000	10.0000	0.0000
nag_krell_horde_landmark_1	nag_effect_unit_cap_grave_guard_0		faction_to_faction_own_unseen	8.0000	8.0000	0.0000
nag_krell_horde_landmark_1	nag_effect_unit_cap_grave_guard_1		faction_to_faction_own_unseen	8.0000	8.0000	0.0000
nag_krell_horde_landmark_1	nag_effect_landmark_krell_buff_guard_melee		force_to_force_own_lords_army	12.0000	12.0000	0.0000
nag_krell_horde_landmark_1	nag_effect_landmark_krell_buff_guard_phys		force_to_force_own_lords_army	20.0000	20.0000	0.0000
nag_krell_horde_landmark_1	nag_effect_landmark_krell_attrition_immunity		force_to_force_own	1.0000	1.0000	0.0000
nag_krell_horde_landmark_1	nag_effect_agent_enable_recruitment_champion_vmp		force_to_force_own_lords_army	1.0000	1.0000	0.0000
nag_krell_horde_landmark_1	nag_effect_agent_cap_increase_prince_wight		faction_to_faction_own_unseen	3.0000	3.0000	0.0000
nag_luthor_horde_landmark_0	nag_effect_unit_cap_deck_gunners_0		faction_to_faction_own_unseen	1.0000	1.0000	0.0000
nag_luthor_horde_landmark_0	nag_effect_unit_cap_zombie_gunnery_mob_1		faction_to_faction_own_unseen	4.0000	4.0000	0.0000
nag_luthor_horde_landmark_0	nag_effect_landmark_luthor_character_defence		force_to_force_own_lords_army	3.0000	3.0000	0.0000
nag_luthor_horde_landmark_0	nag_effect_landmark_luthor_magic_resistance		force_to_force_own_lords_army	10.0000	10.0000	0.0000
nag_luthor_horde_landmark_1	nag_effect_unit_cap_deck_gunners_0		faction_to_faction_own_unseen	2.0000	2.0000	0.0000
nag_luthor_horde_landmark_1	nag_effect_unit_cap_depth_guard_0		faction_to_faction_own_unseen	2.0000	2.0000	0.0000
nag_luthor_horde_landmark_1	nag_effect_unit_cap_zombie_gunnery_mob_1		faction_to_faction_own_unseen	8.0000	8.0000	0.0000
nag_luthor_horde_landmark_1	nag_effect_unit_cap_terrorgheist		faction_to_faction_own_unseen	2.0000	2.0000	0.0000
nag_luthor_horde_landmark_1	nag_effect_landmark_luthor_character_defence		force_to_force_own_lords_army	6.0000	6.0000	0.0000
nag_luthor_horde_landmark_1	nag_effect_landmark_luthor_magic_resistance		force_to_force_own_lords_army	25.0000	25.0000	0.0000
nag_luthor_horde_landmark_1	nag_effect_agent_enable_recruitment_engineer_cst		force_to_force_own_lords_army	1.0000	1.0000	0.0000
nag_luthor_horde_landmark_1	nag_effect_agent_cap_increase_gunnery_wight		faction_to_faction_own_unseen	3.0000	3.0000	0.0000
nag_azhag_horde_landmark_0	nag_effect_unit_cap_skeleton_orcs		faction_to_faction_own_unseen	6.0000	6.0000	0.0000
nag_azhag_horde_landmark_0	nag_effect_unit_cap_skeleton_troll_1h		faction_to_faction_own_unseen	2.0000	2.0000	0.0000
nag_azhag_horde_landmark_0	wh_main_effect_force_all_campaign_raid_income		force_to_force_own	20.0000	20.0000	0.0000
nag_azhag_horde_landmark_0	wh_main_effect_force_all_campaign_sacking_income		force_to_force_own	20.0000	20.0000	0.0000
nag_azhag_horde_landmark_1	nag_effect_unit_cap_skeleton_orcs		faction_to_faction_own_unseen	10.0000	10.0000	0.0000
nag_azhag_horde_landmark_1	nag_effect_unit_cap_skeleton_troll_1h		faction_to_faction_own_unseen	4.0000	4.0000	0.0000
nag_azhag_horde_landmark_1	nag_effect_unit_cap_skeleton_troll_2h		faction_to_faction_own_unseen	3.0000	3.0000	0.0000
nag_azhag_horde_landmark_1	nag_effect_unit_cap_skeleton_giant		faction_to_faction_own_unseen	2.0000	2.0000	0.0000
nag_azhag_horde_landmark_1	wh_main_effect_force_all_campaign_raid_income		force_to_force_own	35.0000	35.0000	0.0000
nag_azhag_horde_landmark_1	wh_main_effect_force_all_campaign_sacking_income		force_to_force_own	35.0000	35.0000	0.0000
nag_azhag_horde_landmark_1	wh_main_effect_agent_action_outcome_parent_army_xp_gain		force_to_force_own_provincewide	300.0000	0.0000	0.0000
nag_azhag_horde_landmark_1	wh_main_effect_agent_action_outcome_parent_army_xp_gain_factionwide		building_to_force_own_factionwide	150.0000	0.0000	0.0000
nag_horde_military1_barracks_2	nag_effect_unit_cap_sand_crawlies		faction_to_faction_own_unseen	2.0000	2.0000	0.0000
nag_horde_military1_barracks_3	nag_effect_unit_cap_sand_crawlies		faction_to_faction_own_unseen	4.0000	4.0000	0.0000
nag_horde_military1_barracks_3	nag_effect_unit_cap_sepulchral_stalkers_0		faction_to_faction_own_unseen	2.0000	2.0000	0.0000
nag_horde_military2_stables_2	nag_effect_unit_cap_skeleton_chariot_0		faction_to_faction_own_unseen	2.0000	2.0000	0.0000
nag_horde_military2_stables_2	nag_effect_unit_cap_nag_undead_chariot_unit		faction_to_faction_own_unseen	2.0000	2.0000	0.0000
nag_horde_military2_stables_3	nag_effect_unit_cap_skeleton_chariot_0		faction_to_faction_own_unseen	4.0000	4.0000	0.0000
nag_horde_military2_stables_3	nag_effect_unit_cap_nag_undead_chariot_unit		faction_to_faction_own_unseen	4.0000	4.0000	0.0000
nag_horde_military2_stables_3	nag_effect_unit_cap_necropolis_knights_0		faction_to_faction_own_unseen	2.0000	2.0000	0.0000
nag_horde_military2_stables_3	nag_effect_unit_cap_necropolis_knights_1		faction_to_faction_own_unseen	2.0000	2.0000	0.0000
nag_horde_military3_warmachines_1	nag_effect_unit_cap_screaming_skull_catapult_0		faction_to_faction_own_unseen	1.0000	1.0000	0.0000
nag_horde_military3_warmachines_2	nag_effect_unit_cap_screaming_skull_catapult_0		faction_to_faction_own_unseen	2.0000	2.0000	0.0000
nag_horde_military3_warmachines_2	nag_effect_unit_cap_casket_of_souls_0		faction_to_faction_own_unseen	1.0000	1.0000	0.0000
nag_horde_military4_monsters_1	nag_effect_unit_cap_ushabti_0		faction_to_faction_own_unseen	2.0000	2.0000	0.0000
nag_horde_military4_monsters_2	nag_effect_unit_cap_ushabti_0		faction_to_faction_own_unseen	3.0000	3.0000	0.0000
nag_horde_military4_monsters_2	nag_effect_unit_cap_ushabti_1		faction_to_faction_own_unseen	2.0000	2.0000	0.0000
nag_horde_military4_monsters_2	nag_effect_unit_cap_tomb_scorpion_0		faction_to_faction_own_unseen	1.0000	1.0000	0.0000
nag_horde_military4_monsters_3	nag_effect_unit_cap_ushabti_0		faction_to_faction_own_unseen	4.0000	4.0000	0.0000
nag_horde_military4_monsters_3	nag_effect_unit_cap_ushabti_1		faction_to_faction_own_unseen	3.0000	3.0000	0.0000
nag_horde_military4_monsters_3	nag_effect_unit_cap_tomb_scorpion_0		faction_to_faction_own_unseen	2.0000	2.0000	0.0000
nag_horde_military4_monsters_3	nag_effect_unit_cap_necrosphinx_0		faction_to_faction_own_unseen	1.0000	1.0000	0.0000
nag_horde_support2_worship_2	nag_effect_unit_cap_cairn_wraiths		faction_to_faction_own_unseen	2.0000	2.0000	0.0000
nag_horde_support2_worship_2	nag_effect_unit_cap_spectre_swarm		faction_to_faction_own_unseen	1.0000	1.0000	0.0000
nag_horde_support2_worship_3	nag_effect_unit_cap_cairn_wraiths		faction_to_faction_own_unseen	3.0000	3.0000	0.0000
nag_horde_support2_worship_3	nag_effect_unit_cap_spectre_swarm		faction_to_faction_own_unseen	2.0000	2.0000	0.0000
nag_horde_support2_worship_3	nag_effect_unit_cap_hexwraiths		faction_to_faction_own_unseen	2.0000	2.0000	0.0000
nag_horde_support2_worship_3	nag_effect_unit_cap_carrion_riders		faction_to_faction_own_unseen	1.0000	1.0000	0.0000
nag_horde_support2_worship_3	nag_effect_agent_enable_recruitment_runesmith_vmp		force_to_force_own_lords_army	1.0000	1.0000	0.0000
nag_horde_support2_worship_3	nag_effect_agent_cap_increase_tomb_banshee		faction_to_faction_own_unseen	1.0000	1.0000	0.0000
nag_horde_support2_worship_4	nag_effect_unit_cap_cairn_wraiths		faction_to_faction_own_unseen	5.0000	5.0000	0.0000
nag_horde_support2_worship_4	nag_effect_unit_cap_spectre_swarm		faction_to_faction_own_unseen	3.0000	3.0000	0.0000
nag_horde_support2_worship_4	nag_effect_unit_cap_hexwraiths		faction_to_faction_own_unseen	4.0000	4.0000	0.0000
nag_horde_support2_worship_4	nag_effect_unit_cap_carrion_riders		faction_to_faction_own_unseen	2.0000	2.0000	0.0000
nag_horde_support2_worship_4	nag_effect_agent_enable_recruitment_runesmith_vmp		force_to_force_own_lords_army	1.0000	1.0000	0.0000
nag_horde_support2_worship_4	nag_effect_agent_cap_increase_tomb_banshee		faction_to_faction_own_unseen	1.0000	1.0000	0.0000
nag_horde_support2_worship_4	nag_effect_unit_cap_mortis_engine		faction_to_faction_own_unseen	1.0000	1.0000	0.0000
nag_horde_support1_smith_1	wh_main_effect_force_stat_armour		force_to_force_own_lords_army	5.0000	5.0000	0.0000
nag_horde_support1_smith_1	nag_effect_agent_enable_recruitment_wizard_tmb		force_to_force_own	1.0000	1.0000	0.0000
nag_horde_support1_smith_1	nag_effect_agent_cap_increase_liche_priest		faction_to_faction_own_unseen	1.0000	1.0000	0.0000
nag_horde_support1_smith_2	wh_main_effect_force_stat_armour		force_to_force_own_lords_army	10.0000	10.0000	0.0000
nag_horde_support1_smith_2	nag_effect_agent_enable_recruitment_wizard_tmb		force_to_force_own	1.0000	1.0000	0.0000
nag_horde_support1_smith_2	nag_effect_agent_enable_recruitment_special_wizard_tmb		force_to_force_own	1.0000	1.0000	0.0000
nag_horde_support1_smith_2	nag_effect_agent_cap_increase_liche_priest		faction_to_faction_own_unseen	1.0000	1.0000	0.0000
nag_horde_infrastructure1_growth_1	wh_main_effect_force_all_campaign_replenishment_rate		force_to_force_own	4.0000	4.0000	0.0000
nag_horde_infrastructure1_growth_1	nag_effect_horde_growth		force_to_force_own	3.0000	3.0000	0.0000
nag_horde_infrastructure1_growth_1	wh3_main_effect_corruption_vampiric_buildings		region_to_region_own	2.0000	1.0000	1.0000
nag_horde_infrastructure1_growth_2	wh_main_effect_force_all_campaign_replenishment_rate		force_to_force_own	8.0000	8.0000	0.0000
nag_horde_infrastructure1_growth_2	nag_effect_horde_growth		force_to_force_own	5.0000	5.0000	0.0000
nag_horde_infrastructure1_growth_2	wh3_main_effect_corruption_vampiric_buildings		region_to_region_own	3.0000	2.0000	1.0000
nag_horde_infrastructure1_growth_3	wh_main_effect_force_all_campaign_replenishment_rate		force_to_force_own	12.0000	12.0000	0.0000
nag_horde_infrastructure1_growth_3	nag_effect_horde_growth		force_to_force_own	7.0000	7.0000	0.0000
nag_horde_infrastructure1_growth_3	wh3_main_effect_corruption_vampiric_buildings		region_to_region_own	4.0000	3.0000	1.0000
nag_horde_infrastructure2_industry_1	wh_main_effect_economy_gdp_culture		force_to_force_building	250.0000	250.0000	0.0000
nag_horde_infrastructure2_industry_2	wh_main_effect_economy_gdp_culture		force_to_force_building	450.0000	450.0000	0.0000
nag_horde_infrastructure2_industry_2	wh_main_effect_force_all_recruitment_points		force_to_force_own	1.0000	1.0000	0.0000
nag_horde_infrastructure2_industry_2	wh2_dlc09_effect_increase_army_capacity		building_to_faction_own	1.0000	1.0000	0.0000
nag_subhorde_main_1	nag_effect_horde_growth		force_to_force_own	4.0000	4.0000	0.0000
nag_subhorde_main_1	wh_main_effect_force_all_recruitment_points		force_to_force_own	2.0000	1.0000	0.0000
nag_subhorde_main_1	wh3_main_effect_corruption_vampiric_buildings		force_to_character_own_provincetext	1.0000	1.0000	0.0000
nag_subhorde_main_1	wh_main_effect_economy_gdp_culture		force_to_force_building	150.0000	150.0000	0.0000
nag_subhorde_main_2	nag_effect_horde_growth		force_to_force_own	6.0000	6.0000	0.0000
nag_subhorde_main_2	wh_main_effect_force_all_recruitment_points		force_to_force_own	3.0000	1.0000	0.0000
nag_subhorde_main_2	wh3_main_effect_corruption_vampiric_buildings		force_to_character_own_provincetext	2.0000	1.0000	0.0000
nag_subhorde_main_2	wh_main_effect_economy_gdp_culture		force_to_force_building	250.0000	250.0000	0.0000
nag_subhorde_main_3	nag_effect_horde_growth		force_to_force_own	8.0000	8.0000	0.0000
nag_subhorde_main_3	wh_main_effect_force_all_recruitment_points		force_to_force_own	4.0000	2.0000	0.0000
nag_subhorde_main_3	wh3_main_effect_corruption_vampiric_buildings		force_to_character_own_provincetext	3.0000	1.0000	0.0000
nag_subhorde_main_3	wh_main_effect_economy_gdp_culture		force_to_force_building	350.0000	350.0000	0.0000
nag_subhorde_military0_guard_1	nag_effect_unit_cap_tomb_guard_0		faction_to_faction_own_unseen	2.0000	2.0000	0.0000
nag_subhorde_military0_guard_1	nag_effect_unit_cap_tomb_guard_1		faction_to_faction_own_unseen	2.0000	2.0000	0.0000
nag_subhorde_military0_guard_1	nag_effect_agent_enable_recruitment_champion_tmb		force_to_force_own	1.0000	1.0000	0.0000
nag_subhorde_military0_guard_1	nag_effect_agent_cap_increase_prince_wight		faction_to_faction_own_unseen	1.0000	1.0000	0.0000
nag_subhorde_military1_barracks_2	nag_effect_unit_cap_sand_crawlies		faction_to_faction_own_unseen	2.0000	2.0000	0.0000
nag_subhorde_military1_barracks_3	nag_effect_unit_cap_sand_crawlies		faction_to_faction_own_unseen	4.0000	4.0000	0.0000
nag_subhorde_military1_barracks_3	nag_effect_unit_cap_sepulchral_stalkers_0		faction_to_faction_own_unseen	2.0000	2.0000	0.0000
nag_subhorde_military2_stables_2	nag_effect_unit_cap_skeleton_chariot_0		faction_to_faction_own_unseen	2.0000	2.0000	0.0000
nag_subhorde_military2_stables_2	nag_effect_unit_cap_nag_undead_chariot_unit		faction_to_faction_own_unseen	2.0000	2.0000	0.0000
nag_subhorde_military3_warmachines	nag_effect_unit_cap_screaming_skull_catapult_0		faction_to_faction_own_unseen	1.0000	1.0000	0.0000
nag_subhorde_military4_monsters	nag_effect_unit_cap_ushabti_0		faction_to_faction_own_unseen	2.0000	2.0000	0.0000
nag_subhorde_support1_smith_1	wh_main_effect_force_stat_armour		force_to_force_own_lords_army	5.0000	5.0000	0.0000
nag_subhorde_support1_smith_1	nag_effect_agent_enable_recruitment_wizard_tmb		force_to_force_own	1.0000	1.0000	0.0000
nag_subhorde_support1_smith_1	nag_effect_agent_cap_increase_liche_priest		faction_to_faction_own_unseen	1.0000	1.0000	0.0000
nag_subhorde_support2_worship_2	nag_effect_unit_cap_cairn_wraiths		faction_to_faction_own_unseen	2.0000	2.0000	0.0000
nag_subhorde_support2_worship_2	nag_effect_unit_cap_spectre_swarm		faction_to_faction_own_unseen	1.0000	1.0000	0.0000
nag_subhorde_infrastructure1_growth_1	nag_effect_horde_growth		force_to_force_own	2.0000	2.0000	0.0000
nag_subhorde_infrastructure1_growth_1	wh_main_effect_force_all_campaign_replenishment_rate		force_to_force_own	4.0000	4.0000	0.0000
nag_subhorde_infrastructure1_growth_1	wh3_main_effect_corruption_vampiric_buildings		region_to_region_own	2.0000	1.0000	1.0000
nag_subhorde_infrastructure1_growth_2	nag_effect_horde_growth		force_to_force_own	4.0000	4.0000	0.0000
nag_subhorde_infrastructure1_growth_2	wh_main_effect_force_all_campaign_replenishment_rate		force_to_force_own	8.0000	8.0000	0.0000
nag_subhorde_infrastructure1_growth_2	wh3_main_effect_corruption_vampiric_buildings		region_to_region_own	3.0000	2.0000	1.0000
nag_subhorde_infrastructure2_industry_1	wh_main_effect_economy_gdp_culture		force_to_force_building	100.0000	50.0000	0.0000
nag_subhorde_infrastructure2_industry_2	wh_main_effect_economy_gdp_culture		force_to_force_building	150.0000	75.0000	0.0000
nag_subhorde_infrastructure2_industry_2	wh_main_effect_force_all_recruitment_points		force_to_force_own	1.0000	1.0000	0.0000
nag_subhorde_infrastructure2_industry_2	wh2_dlc09_effect_increase_army_capacity		building_to_faction_own	1.0000	1.0000	0.0000
nag_dieter_horde_special_1	nag_effect_horde_growth		force_to_force_own	5.0000	5.0000	0.0000
nag_dieter_horde_special_1	wh_main_effect_force_all_recruitment_points		force_to_force_own	3.0000	1.0000	0.0000
nag_dieter_horde_special_1	wh3_main_effect_corruption_vampiric_buildings		force_to_character_own_provincetext	1.0000	1.0000	0.0000
nag_dieter_horde_special_1	wh_main_effect_economy_gdp_culture		force_to_force_building	150.0000	150.0000	0.0000
nag_dieter_horde_special_2	nag_effect_horde_growth		force_to_force_own	6.0000	6.0000	0.0000
nag_dieter_horde_special_2	wh_main_effect_force_all_recruitment_points		force_to_force_own	4.0000	2.0000	0.0000
nag_dieter_horde_special_2	wh3_main_effect_corruption_vampiric_buildings		force_to_character_own_provincetext	2.0000	1.0000	0.0000
nag_dieter_horde_special_2	wh_main_effect_economy_gdp_culture		force_to_force_building	250.0000	250.0000	0.0000
nag_dieter_horde_special_3	nag_effect_horde_growth		force_to_force_own	7.0000	7.0000	0.0000
nag_dieter_horde_special_3	wh_main_effect_force_all_recruitment_points		force_to_force_own	5.0000	2.0000	0.0000
nag_dieter_horde_special_3	wh3_main_effect_corruption_vampiric_buildings		force_to_character_own_provincetext	3.0000	1.0000	0.0000
nag_dieter_horde_special_3	wh_main_effect_economy_gdp_culture		force_to_force_building	350.0000	350.0000	0.0000
nag_dieter_horde_special_4	nag_effect_horde_growth		force_to_force_own	8.0000	8.0000	0.0000
nag_dieter_horde_special_4	wh_main_effect_force_all_recruitment_points		force_to_force_own	6.0000	3.0000	0.0000
nag_dieter_horde_special_4	wh3_main_effect_corruption_vampiric_buildings		force_to_character_own_provincetext	4.0000	2.0000	0.0000
nag_dieter_horde_special_4	wh_main_effect_economy_gdp_culture		force_to_force_building	500.0000	500.0000	0.0000
nag_dieter_horde_special_5	nag_effect_horde_growth		force_to_force_own	10.0000	10.0000	0.0000
nag_dieter_horde_special_5	wh_main_effect_force_all_recruitment_points		force_to_force_own	7.0000	3.0000	0.0000
nag_dieter_horde_special_5	wh3_main_effect_corruption_vampiric_buildings		force_to_character_own_provincetext	5.0000	2.0000	0.0000
nag_dieter_horde_special_5	wh_main_effect_economy_gdp_culture		force_to_force_building	700.0000	700.0000	0.0000
nag_dieter_horde_landmark_0	nag_effect_unit_cap_crypt_ghouls		faction_to_faction_own_unseen	4.0000	4.0000	0.0000
nag_dieter_horde_landmark_0	nag_effect_unit_cap_crypt_horrors		faction_to_faction_own_unseen	2.0000	2.0000	0.0000
nag_dieter_horde_landmark_0	wh3_main_effect_battle_barrier_health_add		force_to_force_own_lords_army	300.0000	300.0000	0.0000
nag_dieter_horde_landmark_0	nag_effect_landmark_nagash_character_wom_reserves		force_to_force_own	10.0000	10.0000	0.0000
nag_dieter_horde_landmark_1	nag_effect_unit_cap_crypt_ghouls		faction_to_faction_own_unseen	8.0000	8.0000	0.0000
nag_dieter_horde_landmark_1	nag_effect_unit_cap_crypt_horrors		faction_to_faction_own_unseen	4.0000	4.0000	0.0000
nag_dieter_horde_landmark_1	wh3_main_effect_battle_barrier_health_add		force_to_force_own_lords_army	300.0000	300.0000	0.0000
nag_dieter_horde_landmark_1	nag_effect_unit_cap_nagashi_guard		faction_to_faction_own_unseen	2.0000	2.0000	0.0000
nag_dieter_horde_landmark_1	nag_effect_unit_cap_nagashi_guard_halb		faction_to_faction_own_unseen	2.0000	2.0000	0.0000
nag_dieter_horde_landmark_1	nag_effect_unit_cap_carrion_riders		faction_to_faction_own_unseen	2.0000	2.0000	0.0000
nag_dieter_horde_landmark_1	nag_effect_landmark_dieter_enable_horrible_regeneration_ghouls_horrors		force_to_force_own_lords_army	1.0000	1.0000	0.0000
nag_dieter_horde_landmark_1	wh3_main_effect_battle_barrier_replenish_delay_mod		force_to_force_own_lords_army	-25.0000	-25.0000	0.0000
nag_dieter_horde_landmark_1	wh3_main_effect_battle_barrier_replenish_rate_mod		force_to_force_own_lords_army	25.0000	25.0000	0.0000
nag_dk_horde_special_1	nag_effect_horde_growth		force_to_force_own	5.0000	5.0000	0.0000
nag_dk_horde_special_1	wh_main_effect_force_all_recruitment_points		force_to_force_own	3.0000	1.0000	0.0000
nag_dk_horde_special_1	wh3_main_effect_corruption_vampiric_buildings		force_to_character_own_provincetext	1.0000	1.0000	0.0000
nag_dk_horde_special_1	wh_main_effect_economy_gdp_culture		force_to_force_building	150.0000	150.0000	0.0000
nag_dk_horde_special_1	nag_effect_unit_cap_nagash_ovn_dk_inf_skeleton_javelinmen_no_caps		faction_to_faction_own_unseen	99.0000	99.0000	0.0000
nag_dk_horde_special_2	nag_effect_horde_growth		force_to_force_own	6.0000	6.0000	0.0000
nag_dk_horde_special_2	wh_main_effect_force_all_recruitment_points		force_to_force_own	4.0000	2.0000	0.0000
nag_dk_horde_special_2	wh3_main_effect_corruption_vampiric_buildings		force_to_character_own_provincetext	2.0000	1.0000	0.0000
nag_dk_horde_special_2	wh_main_effect_economy_gdp_culture		force_to_force_building	250.0000	250.0000	0.0000
nag_dk_horde_special_2	nag_effect_unit_cap_nagash_ovn_dk_inf_skeleton_javelinmen_no_caps		faction_to_faction_own_unseen	99.0000	99.0000	0.0000
nag_dk_horde_special_3	nag_effect_horde_growth		force_to_force_own	7.0000	7.0000	0.0000
nag_dk_horde_special_3	wh_main_effect_force_all_recruitment_points		force_to_force_own	5.0000	2.0000	0.0000
nag_dk_horde_special_3	wh3_main_effect_corruption_vampiric_buildings		force_to_character_own_provincetext	3.0000	1.0000	0.0000
nag_dk_horde_special_3	wh_main_effect_economy_gdp_culture		force_to_force_building	350.0000	350.0000	0.0000
nag_dk_horde_special_3	nag_effect_unit_cap_nagash_ovn_dk_inf_skeleton_javelinmen_no_caps		faction_to_faction_own_unseen	99.0000	99.0000	0.0000
nag_dk_horde_special_4	nag_effect_horde_growth		force_to_force_own	8.0000	8.0000	0.0000
nag_dk_horde_special_4	wh_main_effect_force_all_recruitment_points		force_to_force_own	6.0000	3.0000	0.0000
nag_dk_horde_special_4	wh3_main_effect_corruption_vampiric_buildings		force_to_character_own_provincetext	4.0000	2.0000	0.0000
nag_dk_horde_special_4	wh_main_effect_economy_gdp_culture		force_to_force_building	500.0000	500.0000	0.0000
nag_dk_horde_special_4	nag_effect_unit_cap_nagash_ovn_dk_inf_skeleton_javelinmen_no_caps		faction_to_faction_own_unseen	99.0000	99.0000	0.0000
nag_dk_horde_special_5	nag_effect_horde_growth		force_to_force_own	10.0000	10.0000	0.0000
nag_dk_horde_special_5	wh_main_effect_force_all_recruitment_points		force_to_force_own	7.0000	3.0000	0.0000
nag_dk_horde_special_5	wh3_main_effect_corruption_vampiric_buildings		force_to_character_own_provincetext	5.0000	2.0000	0.0000
nag_dk_horde_special_5	wh_main_effect_economy_gdp_culture		force_to_force_building	700.0000	700.0000	0.0000
nag_dk_horde_special_5	nag_effect_unit_cap_nagash_ovn_dk_inf_skeleton_javelinmen_no_caps		faction_to_faction_own_unseen	99.0000	99.0000	0.0000
nag_dk_horde_landmark_0	nag_effect_unit_cap_nagash_ovn_dk_inf_skeleton_hoplites		faction_to_faction_own_unseen	3.0000	3.0000	0.0000
nag_dk_horde_landmark_0	nag_effect_unit_cap_nagash_ovn_dk_inf_skeleton_pikemen		faction_to_faction_own_unseen	3.0000	3.0000	0.0000
nag_dk_horde_landmark_1	nag_effect_unit_cap_nagash_ovn_dk_inf_skeleton_hoplites		faction_to_faction_own_unseen	6.0000	6.0000	0.0000
nag_dk_horde_landmark_1	nag_effect_unit_cap_nagash_ovn_dk_inf_skeleton_pikemen		faction_to_faction_own_unseen	6.0000	6.0000	0.0000
nag_dk_horde_landmark_1	nag_effect_unit_cap_nagash_ovn_dk_inf_tomb_guardian		faction_to_faction_own_unseen	3.0000	3.0000	0.0000
nag_dk_horde_landmark_1	nag_effect_unit_cap_nagash_ovn_dk_inf_tomb_guardian_peltasts		faction_to_faction_own_unseen	4.0000	4.0000	0.0000
nag_dk_horde_landmark_1	nag_effect_unit_cap_nagash_ovn_dk_cav_royal_guard_lancers		faction_to_faction_own_unseen	3.0000	3.0000	0.0000
nag_dk_horde_landmark_1	nag_effect_unit_cap_nagash_ovn_dk_mon_skeleton_elephant		faction_to_faction_own_unseen	1.0000	1.0000	0.0000
nag_dk_horde_landmark_0	dread_legion_all_phyres		force_to_force_own	5.0000	0.0000	0.0000
nag_dk_horde_landmark_0	dread_legion_all_leadership		force_to_force_own	10.0000	0.0000	0.0000
nag_dk_horde_landmark_1	dread_legion_all_phyres		force_to_force_own	5.0000	0.0000	0.0000
nag_dk_horde_landmark_1	dread_legion_all_leadership		force_to_force_own	10.0000	0.0000	0.0000
